	0
0	P30520|PURA2_HUMAN
1	B7ZBQ3|B7ZBQ3_HUMAN
2	Q9BYC9|RM20_HUMAN
3	O95218|ZRAB2_HUMAN
4	P01889|HLAB_HUMAN
5	Q9P0M9|RM27_HUMAN
6	M0R228|M0R228_HUMAN
7	O14735|CDIPT_HUMAN
8	Q96QK1|VPS35_HUMAN
9	Q9UBQ5|EIF3K_HUMAN
10	A0A6Q8PG30|A0A6Q8PG30_HUMAN
11	A0A0J9YX77|A0A0J9YX77_HUMAN
12	P62333|PRS10_HUMAN
13	O43741|AAKB2_HUMAN
14	A0A2R8YDQ9|A0A2R8YDQ9_HUMAN
15	Q9NZ43|USE1_HUMAN
16	P62330|ARF6_HUMAN
17	Q8N5N7|RM50_HUMAN
18	Q712K3|UB2R2_HUMAN
19	P15954|COX7C_HUMAN
20	P52907|CAZA1_HUMAN
21	O75915|PRAF3_HUMAN
22	A0A087X2D5|A0A087X2D5_HUMAN
23	Q5T4U8|Q5T4U8_HUMAN
24	P10599|THIO_HUMAN
25	Q8IXK0|PHC2_HUMAN
26	P03897|NU3M_HUMAN
27	P14868|SYDC_HUMAN
28	Q15717|ELAV1_HUMAN
29	P52298|NCBP2_HUMAN
30	Q99570|PI3R4_HUMAN
31	P30419|NMT1_HUMAN
32	Q13571|LAPM5_HUMAN
33	Q969M7|UBE2F_HUMAN
34	P15884|ITF2_HUMAN
35	H0YNG3|H0YNG3_HUMAN
36	Q8NHZ8|CDC26_HUMAN
37	O43399|TPD54_HUMAN
38	P08240|SRPRA_HUMAN
39	Q92692|NECT2_HUMAN
40	O75521|ECI2_HUMAN
41	F6UJY1|F6UJY1_HUMAN
42	U3KQK0|U3KQK0_HUMAN
43	A0A087X1C1|A0A087X1C1_HUMAN
44	Q13263|TIF1B_HUMAN
45	Q14258|TRI25_HUMAN
46	A0A5F9ZHP1|A0A5F9ZHP1_HUMAN
47	Q8WXX5|DNJC9_HUMAN
48	P11908|PRPS2_HUMAN
49	K7ES25|K7ES25_HUMAN
50	J3QQT2|J3QQT2_HUMAN
51	Q6Y1H2|HACD2_HUMAN
52	H0Y6D8|H0Y6D8_HUMAN
53	P26022|PTX3_HUMAN
54	Q5UCC4|EMC10_HUMAN
55	Q9BTZ2|DHRS4_HUMAN
56	Q8N5M4|TTC9C_HUMAN
57	P12956|XRCC6_HUMAN
58	Q15836|VAMP3_HUMAN
59	P61923|COPZ1_HUMAN
60	Q01995|TAGL_HUMAN
61	A0A7I2V5Z3|A0A7I2V5Z3_HUMAN
62	E9PLK3|E9PLK3_HUMAN
63	A0A087WUD3|A0A087WUD3_HUMAN
64	O95372|LYPA2_HUMAN
65	O00410|IPO5_HUMAN
66	P61225|RAP2B_HUMAN
67	O75940|SPF30_HUMAN
68	P00403|COX2_HUMAN
69	Q5T6F2|UBAP2_HUMAN
70	B0QYK0|B0QYK0_HUMAN
71	Q9Y3D3|RT16_HUMAN
72	Q9HB66|Q9HB66_HUMAN
73	E9PJ55|E9PJ55_HUMAN
74	Q6NUK1|SCMC1_HUMAN
75	A0A2R8Y7E6|A0A2R8Y7E6_HUMAN
76	P24666|PPAC_HUMAN
77	Q13200|PSMD2_HUMAN
78	P45974|UBP5_HUMAN
79	Q9Y6M1|IF2B2_HUMAN
80	P05387|RLA2_HUMAN
81	Q9BPX5|ARP5L_HUMAN
82	P06241|FYN_HUMAN
83	A0A0A0MRF6|A0A0A0MRF6_HUMAN
84	Q8IZF2|AGRF5_HUMAN
85	P60174|TPIS_HUMAN
86	Q96BM9|ARL8A_HUMAN
87	Q9C0H2|TTYH3_HUMAN
88	A0A3B3ITP4|A0A3B3ITP4_HUMAN
89	Q13356|PPIL2_HUMAN
90	Q9NP97|DLRB1_HUMAN
91	V9GZ56|V9GZ56_HUMAN
92	C9JKI3|C9JKI3_HUMAN
93	P07311|ACYP1_HUMAN
94	E7EVX8|E7EVX8_HUMAN
95	Q13188|STK3_HUMAN
96	P13645|K1C10_HUMAN
97	Q9UHB6|LIMA1_HUMAN
98	A0A0C4DGQ6|A0A0C4DGQ6_HUMAN
99	Q9BZE1|RM37_HUMAN
100	Q66LE6|2ABD_HUMAN
101	Q92973|TNPO1_HUMAN
102	P48739|PIPNB_HUMAN
103	P51817|PRKX_HUMAN
104	Q9Y2K7|KDM2A_HUMAN
105	Q9UK41|VPS28_HUMAN
106	A8MU27|A8MU27_HUMAN
107	Q96TA1|NIBA2_HUMAN
108	E9PFR3|E9PFR3_HUMAN
109	A0A0B4J294|A0A0B4J294_HUMAN
110	A0A087WYN9|A0A087WYN9_HUMAN
111	Q13443|ADAM9_HUMAN
112	J3QW43|J3QW43_HUMAN
113	O15231|ZN185_HUMAN
114	Q15181|IPYR_HUMAN
115	Q96GZ6|S41A3_HUMAN
116	J3KQE5|J3KQE5_HUMAN
117	Q15075|EEA1_HUMAN
118	P04792|HSPB1_HUMAN
119	Q5U8S2|Q5U8S2_HUMAN
120	Q8WUP2|FBLI1_HUMAN
121	P47813|IF1AX_HUMAN
122	Q9H3K6|BOLA2_HUMAN
123	A6NGW1|A6NGW1_HUMAN
124	P43487|RANG_HUMAN
125	P37275|ZEB1_HUMAN
126	Q14257|RCN2_HUMAN
127	P46199|IF2M_HUMAN
128	P45954|ACDSB_HUMAN
129	Q92890|UFD1_HUMAN
130	P21281|VATB2_HUMAN
131	Q9NSU2|TREX1_HUMAN
132	P53680|AP2S1_HUMAN
133	B0QY89|B0QY89_HUMAN
134	P33991|MCM4_HUMAN
135	P10253|LYAG_HUMAN
136	Q96H20|SNF8_HUMAN
137	Q9UKF6|CPSF3_HUMAN
138	Q14D04|MELT_HUMAN
139	J3KPP4|J3KPP4_HUMAN
140	P14927|QCR7_HUMAN
141	P61956|SUMO2_HUMAN
142	P35968|VGFR2_HUMAN
143	P48643|TCPE_HUMAN
144	P42126|ECI1_HUMAN
145	Q15365|PCBP1_HUMAN
146	P55268|LAMB2_HUMAN
147	P00156|CYB_HUMAN
148	P37108|SRP14_HUMAN
149	H0UI80|H0UI80_HUMAN
150	Q9Y3B2|EXOS1_HUMAN
151	Q9NRG7|D39U1_HUMAN
152	Q13671|RIN1_HUMAN
153	A0A087WTG3|A0A087WTG3_HUMAN
154	P26583|HMGB2_HUMAN
155	Q9UBQ7|GRHPR_HUMAN
156	Q86Y39|NDUAB_HUMAN
157	Q5VWQ8|DAB2P_HUMAN
158	O94979|SC31A_HUMAN
159	P19404|NDUV2_HUMAN
160	A0A140T9I0|A0A140T9I0_HUMAN
161	O95630|STABP_HUMAN
162	A0A1W2PPG5|A0A1W2PPG5_HUMAN
163	P98082|DAB2_HUMAN
164	P16989|YBOX3_HUMAN
165	O43924|PDE6D_HUMAN
166	Q14108|SCRB2_HUMAN
167	Q6NXE6|ARMC6_HUMAN
168	Q96AX1|VP33A_HUMAN
169	F5GYQ1|F5GYQ1_HUMAN
170	P33992|MCM5_HUMAN
171	A8MZH8|A8MZH8_HUMAN
172	F5GX88|F5GX88_HUMAN
173	Q5JTJ3|COA6_HUMAN
174	Q9UQ13|SHOC2_HUMAN
175	Q9BRT6|LLPH_HUMAN
176	E7EUU4|E7EUU4_HUMAN
177	P46782|RS5_HUMAN
178	O60869|EDF1_HUMAN
179	Q8TEK3|DOT1L_HUMAN
180	Q14694|UBP10_HUMAN
181	C9IYS7|C9IYS7_HUMAN
182	A0A140T9T7|A0A140T9T7_HUMAN
183	A0A590UKC4|A0A590UKC4_HUMAN
184	A0A087WUK2|A0A087WUK2_HUMAN
185	Q8N9N7|LRC57_HUMAN
186	E7ETZ4|E7ETZ4_HUMAN
187	P20338|RAB4A_HUMAN
188	Q15417|CNN3_HUMAN
189	O95782|AP2A1_HUMAN
190	Q9NWT1|PK1IP_HUMAN
191	O75380|NDUS6_HUMAN
192	A8MVZ6|A8MVZ6_HUMAN
193	A0A087X2H1|A0A087X2H1_HUMAN
194	B7ZLQ5|B7ZLQ5_HUMAN
195	A0A494C164|A0A494C164_HUMAN
196	Q13426|XRCC4_HUMAN
197	Q9P291|ARMX1_HUMAN
198	O14929|HAT1_HUMAN
199	P00492|HPRT_HUMAN
200	Q9Y6W5|WASF2_HUMAN
201	O15212|PFD6_HUMAN
202	Q9H5X1|CIA2A_HUMAN
203	A0A087WUT6|A0A087WUT6_HUMAN
204	O00115|DNS2A_HUMAN
205	Q8NBQ5|DHB11_HUMAN
206	P25398|RS12_HUMAN
207	Q14192|FHL2_HUMAN
208	A0A087X0M4|A0A087X0M4_HUMAN
209	O95167|NDUA3_HUMAN
210	Q7Z2K6|ERMP1_HUMAN
211	Q9Y2H0|DLGP4_HUMAN
212	Q9H492|MLP3A_HUMAN
213	Q13464|ROCK1_HUMAN
214	Q13363|CTBP1_HUMAN
215	A0A0A0MT32|A0A0A0MT32_HUMAN
216	O43181|NDUS4_HUMAN
217	Q9BZE4|GTPB4_HUMAN
218	Q8IZ41|RASEF_HUMAN
219	Q9UHB9|SRP68_HUMAN
220	Q9Y3B8|ORN_HUMAN
221	Q9NRQ2|PLS4_HUMAN
222	Q93009|UBP7_HUMAN
223	Q16831|UPP1_HUMAN
224	Q7Z4Q2|HEAT3_HUMAN
225	P18124|RL7_HUMAN
226	P26373|RL13_HUMAN
227	Q9Y5X2|SNX8_HUMAN
228	Q7Z6M1|RABEK_HUMAN
229	Q13190|STX5_HUMAN
230	Q6UW02|CP20A_HUMAN
231	Q15208|STK38_HUMAN
232	A0A0R4J2F6|A0A0R4J2F6_HUMAN
233	P30622|CLIP1_HUMAN
234	P07858|CATB_HUMAN
235	P60900|PSA6_HUMAN
236	Q5T8T7|Q5T8T7_HUMAN
237	A0A7I2U302|A0A7I2U302_HUMAN
238	O60216|RAD21_HUMAN
239	P63146|UBE2B_HUMAN
240	Q92947|GCDH_HUMAN
241	P61020|RAB5B_HUMAN
242	Q52LJ0|FA98B_HUMAN
243	H0YFD6|H0YFD6_HUMAN
244	Q00610|CLH1_HUMAN
245	P14174|MIF_HUMAN
246	P37840|SYUA_HUMAN
247	P15559|NQO1_HUMAN
248	H3BQ52|H3BQ52_HUMAN
249	A2A3S1|A2A3S1_HUMAN
250	Q9UBS4|DJB11_HUMAN
251	Q86XP1|DGKH_HUMAN
252	A0A7P0TA85|A0A7P0TA85_HUMAN
253	O60762|DPM1_HUMAN
254	Q9GZT3|SLIRP_HUMAN
255	Q16537|2A5E_HUMAN
256	Q9Y3F4|STRAP_HUMAN
257	P61599|NAA20_HUMAN
258	A0A804HL40|A0A804HL40_HUMAN
259	Q9UK59|DBR1_HUMAN
260	A0A7P0TAE3|A0A7P0TAE3_HUMAN
261	K7EN27|K7EN27_HUMAN
262	Q14195|DPYL3_HUMAN
263	K7EIY6|K7EIY6_HUMAN
264	Q8N370|LAT4_HUMAN
265	Q9BRJ6|CG050_HUMAN
266	Q9Y3C0|WASC3_HUMAN
267	P62820|RAB1A_HUMAN
268	P83881|RL36A_HUMAN
269	P31150|GDIA_HUMAN
270	Q6P1Q9|MET2B_HUMAN
271	Q9Y266|NUDC_HUMAN
272	A0A0D9SF54|A0A0D9SF54_HUMAN
273	A0A1B0GTL5|A0A1B0GTL5_HUMAN
274	P23396|RS3_HUMAN
275	P29084|T2EB_HUMAN
276	Q9H3Q1|BORG4_HUMAN
277	O00231|PSD11_HUMAN
278	A0A1C7CYX9|A0A1C7CYX9_HUMAN
279	Q9BTW9|TBCD_HUMAN
280	A0A0D9SF53|A0A0D9SF53_HUMAN
281	P52701|MSH6_HUMAN
282	G3V267|G3V267_HUMAN
283	Q9P016|THYN1_HUMAN
284	O60927|PP1RB_HUMAN
285	P50914|RL14_HUMAN
286	A2A2V1|A2A2V1_HUMAN
287	Q16181|SEPT7_HUMAN
288	O14828|SCAM3_HUMAN
289	P07814|SYEP_HUMAN
290	C9IZG4|C9IZG4_HUMAN
291	Q9BUR5|MIC26_HUMAN
292	Q6NYC8|PPR18_HUMAN
293	Q13131|AAPK1_HUMAN
294	E5RHX8|E5RHX8_HUMAN
295	Q96GX2|A7L3B_HUMAN
296	P37198|NUP62_HUMAN
297	P19320|VCAM1_HUMAN
298	O00233|PSMD9_HUMAN
299	P09234|RU1C_HUMAN
300	H0Y837|H0Y837_HUMAN
301	P46060|RAGP1_HUMAN
302	Q9UQ35|SRRM2_HUMAN
303	O95297|MPZL1_HUMAN
304	P51858|HDGF_HUMAN
305	P62424|RL7A_HUMAN
306	O75367|H2AY_HUMAN
307	Q92882|OSTF1_HUMAN
308	Q9UDY2|ZO2_HUMAN
309	P14406|CX7A2_HUMAN
310	E9PE17|E9PE17_HUMAN
311	B4E1Q4|B4E1Q4_HUMAN
312	O14957|QCR10_HUMAN
313	P27695|APEX1_HUMAN
314	Q09666|AHNK_HUMAN
315	P46063|RECQ1_HUMAN
316	P50395|GDIB_HUMAN
317	O00629|IMA3_HUMAN
318	Q9Y244|POMP_HUMAN
319	M0QYG8|M0QYG8_HUMAN
320	P62937|PPIA_HUMAN
321	O75144|ICOSL_HUMAN
322	A0A1W2PQU7|A0A1W2PQU7_HUMAN
323	Q9NP79|VTA1_HUMAN
324	Q15555|MARE2_HUMAN
325	P62072|TIM10_HUMAN
326	Q8N668|COMD1_HUMAN
327	O15155|BET1_HUMAN
328	P49736|MCM2_HUMAN
329	Q9NZJ4|SACS_HUMAN
330	P23368|MAOM_HUMAN
331	Q9BRR9|RHG09_HUMAN
332	P20618|PSB1_HUMAN
333	H0YBU3|H0YBU3_HUMAN
334	P51798|CLCN7_HUMAN
335	P48444|COPD_HUMAN
336	O95433|AHSA1_HUMAN
337	P83916|CBX1_HUMAN
338	P26196|DDX6_HUMAN
339	Q6YN16|HSDL2_HUMAN
340	P46108|CRK_HUMAN
341	A0A096LNY6|A0A096LNY6_HUMAN
342	Q9Y6K0|CEPT1_HUMAN
343	O00170|AIP_HUMAN
344	A0A087X256|A0A087X256_HUMAN
345	O43169|CYB5B_HUMAN
346	P30740|ILEU_HUMAN
347	P49591|SYSC_HUMAN
348	Q9P0V3|SH3B4_HUMAN
349	Q6IBS0|TWF2_HUMAN
350	Q92597|NDRG1_HUMAN
351	Q9Y4P3|TBL2_HUMAN
352	P11441|UBL4A_HUMAN
353	Q07343|PDE4B_HUMAN
354	H7C5Q2|H7C5Q2_HUMAN
355	O60701|UGDH_HUMAN
356	P19474|RO52_HUMAN
357	O60749|SNX2_HUMAN
358	Q14697|GANAB_HUMAN
359	P49903|SPS1_HUMAN
360	Q14376|GALE_HUMAN
361	D6RHI9|D6RHI9_HUMAN
362	Q96KP4|CNDP2_HUMAN
363	Q9NRL3|STRN4_HUMAN
364	P62191|PRS4_HUMAN
365	P49589|SYCC_HUMAN
366	A0A1B0GWI2|A0A1B0GWI2_HUMAN
367	P06396|GELS_HUMAN
368	Q8TD55|PKHO2_HUMAN
369	Q8IVD9|NUDC3_HUMAN
370	Q5T4U5|Q5T4U5_HUMAN
371	Q5U5X0|LYRM7_HUMAN
372	P46776|RL27A_HUMAN
373	P40616|ARL1_HUMAN
374	Q9H7C9|AAMDC_HUMAN
375	P35914|HMGCL_HUMAN
376	Q92733|PRCC_HUMAN
377	H0YEB6|H0YEB6_HUMAN
378	E7EQ64|E7EQ64_HUMAN
379	P10515|ODP2_HUMAN
380	O43292|GPAA1_HUMAN
381	P54105|ICLN_HUMAN
382	E5RHG8|E5RHG8_HUMAN
383	O60524|NEMF_HUMAN
384	H0Y8R1|H0Y8R1_HUMAN
385	P52292|IMA1_HUMAN
386	Q01518|CAP1_HUMAN
387	Q9GZT8|NIF3L_HUMAN
388	P05156|CFAI_HUMAN
389	P31939|PUR9_HUMAN
390	Q92804|RBP56_HUMAN
391	P18433|PTPRA_HUMAN
392	J3QL71|J3QL71_HUMAN
393	Q12907|LMAN2_HUMAN
394	Q6ZMQ8|LMTK1_HUMAN
395	Q8WVM8|SCFD1_HUMAN
396	Q9Y305|ACOT9_HUMAN
397	P26599|PTBP1_HUMAN
398	O43148|MCES_HUMAN
399	G3XAN8|G3XAN8_HUMAN
400	P62269|RS18_HUMAN
401	O00154|BACH_HUMAN
402	A0A087X140|A0A087X140_HUMAN
403	Q8IWB1|IPRI_HUMAN
404	P17275|JUNB_HUMAN
405	O15066|KIF3B_HUMAN
406	O60664|PLIN3_HUMAN
407	P46926|GNPI1_HUMAN
408	E7EVJ5|E7EVJ5_HUMAN
409	P52732|KIF11_HUMAN
410	Q8WU76|SCFD2_HUMAN
411	Q8N6L1|KTAP2_HUMAN
412	P09486|SPRC_HUMAN
413	P15291|B4GT1_HUMAN
414	Q7Z434|MAVS_HUMAN
415	P11234|RALB_HUMAN
416	Q9BX40|LS14B_HUMAN
417	A0A590UJ08|A0A590UJ08_HUMAN
418	Q9BZG1|RAB34_HUMAN
419	Q16864|VATF_HUMAN
420	P39687|AN32A_HUMAN
421	Q92878|RAD50_HUMAN
422	P61586|RHOA_HUMAN
423	Q9P003|CNIH4_HUMAN
424	Q14847|LASP1_HUMAN
425	P13798|ACPH_HUMAN
426	P49748|ACADV_HUMAN
427	C9JA08|C9JA08_HUMAN
428	A0A499FIZ0|A0A499FIZ0_HUMAN
429	P07741|APT_HUMAN
430	P04406|G3P_HUMAN
431	Q12788|TBL3_HUMAN
432	P56385|ATP5I_HUMAN
433	P62258|1433E_HUMAN
434	Q99439|CNN2_HUMAN
435	P36404|ARL2_HUMAN
436	P36915|GNL1_HUMAN
437	Q13561|DCTN2_HUMAN
438	P49917|DNLI4_HUMAN
439	P45880|VDAC2_HUMAN
440	H3BT57|H3BT57_HUMAN
441	P30048|PRDX3_HUMAN
442	Q96C90|PP14B_HUMAN
443	P62857|RS28_HUMAN
444	O95881|TXD12_HUMAN
445	Q13162|PRDX4_HUMAN
446	Q96C23|GALM_HUMAN
447	Q9NVU7|SDA1_HUMAN
448	Q8IUE6|H2A2B_HUMAN
449	A1L0T0|HACL2_HUMAN
450	A0A0A0MRI2|A0A0A0MRI2_HUMAN
451	J3KPY9|J3KPY9_HUMAN
452	O60318|GANP_HUMAN
453	Q68EM7|RHG17_HUMAN
454	O00267|SPT5H_HUMAN
455	Q9Y678|COPG1_HUMAN
456	K4DI95|K4DI95_HUMAN
457	Q99720|SGMR1_HUMAN
458	Q5K651|SAMD9_HUMAN
459	H3BN98|H3BN98_HUMAN
460	O43854|EDIL3_HUMAN
461	Q9Y3A5|SBDS_HUMAN
462	F6U236|F6U236_HUMAN
463	Q9H446|RWDD1_HUMAN
464	P16949|STMN1_HUMAN
465	Q9BY77|PDIP3_HUMAN
466	A0A1P0AYU5|A0A1P0AYU5_HUMAN
467	P04040|CATA_HUMAN
468	Q6ZMI0|PPR21_HUMAN
469	Q14008|CKAP5_HUMAN
470	Q9BVG9|PTSS2_HUMAN
471	E9PME3|E9PME3_HUMAN
472	A0A6Q8PGT8|A0A6Q8PGT8_HUMAN
473	O75116|ROCK2_HUMAN
474	P21796|VDAC1_HUMAN
475	P02792|FRIL_HUMAN
476	Q9P2Y5|UVRAG_HUMAN
477	Q4G148|GXLT1_HUMAN
478	Q9P0K7|RAI14_HUMAN
479	Q9BYD6|RM01_HUMAN
480	P08962|CD63_HUMAN
481	O94885|SASH1_HUMAN
482	P50402|EMD_HUMAN
483	Q99714|HCD2_HUMAN
484	H0YBU4|H0YBU4_HUMAN
485	A0A7I2V428|A0A7I2V428_HUMAN
486	Q9NSY1|BMP2K_HUMAN
487	Q9UGK3|STAP2_HUMAN
488	F2Z2W7|F2Z2W7_HUMAN
489	O75436|VP26A_HUMAN
490	P10321|HLAC_HUMAN
491	Q9BQ51|PD1L2_HUMAN
492	Q92599|SEPT8_HUMAN
493	P49368|TCPG_HUMAN
494	P15531|NDKA_HUMAN
495	Q15645|PCH2_HUMAN
496	P06756|ITAV_HUMAN
497	H7C2Q8|H7C2Q8_HUMAN
498	Q15036|SNX17_HUMAN
499	P62633|CNBP_HUMAN
500	Q9H4A6|GOLP3_HUMAN
501	Q9BYT8|NEUL_HUMAN
502	I3L2L5|I3L2L5_HUMAN
503	Q9Y2Q3|GSTK1_HUMAN
504	A0A804HJA0|A0A804HJA0_HUMAN
505	Q9UEW8|STK39_HUMAN
506	P42338|PK3CB_HUMAN
507	Q9UIV1|CNOT7_HUMAN
508	P18077|RL35A_HUMAN
509	Q71UI9|H2AV_HUMAN
510	E9PGT6|E9PGT6_HUMAN
511	Q9NVM6|DJC17_HUMAN
512	P52926|HMGA2_HUMAN
513	O00423|EMAL1_HUMAN
514	P11177|ODPB_HUMAN
515	Q9Y6B6|SAR1B_HUMAN
516	Q8NFH3|NUP43_HUMAN
517	Q13418|ILK_HUMAN
518	Q86T03|PP4P1_HUMAN
519	Q9Y5S2|MRCKB_HUMAN
520	P04083|ANXA1_HUMAN
521	P48509|CD151_HUMAN
522	P08134|RHOC_HUMAN
523	P61960|UFM1_HUMAN
524	Q8NB90|AFG2H_HUMAN
525	A0A3B3ITT1|A0A3B3ITT1_HUMAN
526	Q53FT3|HIKES_HUMAN
527	Q08945|SSRP1_HUMAN
528	Q8NBJ5|GT251_HUMAN
529	Q9Y6A4|CFA20_HUMAN
530	Q13045|FLII_HUMAN
531	H3BUH9|H3BUH9_HUMAN
532	Q15256|PTPRR_HUMAN
533	F5GXX5|F5GXX5_HUMAN
534	Q14980|NUMA1_HUMAN
535	P04075|ALDOA_HUMAN
536	B4DJV2|B4DJV2_HUMAN
537	Q9NXD2|MTMRA_HUMAN
538	Q96DV4|RM38_HUMAN
539	Q9ULV0|MYO5B_HUMAN
540	Q9UIQ6|LCAP_HUMAN
541	Q9BSY9|DESI2_HUMAN
542	Q99747|SNAG_HUMAN
543	P05106|ITB3_HUMAN
544	G5EA30|G5EA30_HUMAN
545	E9PKW1|E9PKW1_HUMAN
546	Q92522|H1X_HUMAN
547	Q9BQ69|MACD1_HUMAN
548	Q5TG12|Q5TG12_HUMAN
549	Q9Y5J7|TIM9_HUMAN
550	H0Y626|H0Y626_HUMAN
551	Q86SX6|GLRX5_HUMAN
552	A0A6Q8PHH5|A0A6Q8PHH5_HUMAN
553	Q9NWV4|CZIB_HUMAN
554	P23528|COF1_HUMAN
555	P51606|RENBP_HUMAN
556	P42574|CASP3_HUMAN
557	P25788|PSA3_HUMAN
558	P61224|RAP1B_HUMAN
559	P63244|RACK1_HUMAN
560	Q96EP5|DAZP1_HUMAN
561	E7ET48|E7ET48_HUMAN
562	H3BTL1|H3BTL1_HUMAN
563	Q9HD20|AT131_HUMAN
564	P53999|TCP4_HUMAN
565	P00568|KAD1_HUMAN
566	Q15629|TRAM1_HUMAN
567	O15145|ARPC3_HUMAN
568	Q8TDM6|DLG5_HUMAN
569	K7ELQ9|K7ELQ9_HUMAN
570	Q9Y2S2|CRYL1_HUMAN
571	J3KP39|J3KP39_HUMAN
572	Q8WWP7|GIMA1_HUMAN
573	A0A1X7SBZ2|A0A1X7SBZ2_HUMAN
574	Q13951|PEBB_HUMAN
575	P35658|NU214_HUMAN
576	P06730|IF4E_HUMAN
577	Q8NHV1|GIMA7_HUMAN
578	P11233|RALA_HUMAN
579	Q8TBC4|UBA3_HUMAN
580	O75489|NDUS3_HUMAN
581	Q9NVA2|SEP11_HUMAN
582	P51148|RAB5C_HUMAN
583	P01111|RASN_HUMAN
584	Q969M3|YIPF5_HUMAN
585	P26006|ITA3_HUMAN
586	P15927|RFA2_HUMAN
587	Q9BWD1|THIC_HUMAN
588	Q9UIC8|LCMT1_HUMAN
589	O75843|AP1G2_HUMAN
590	Q9HCE7|SMUF1_HUMAN
591	P00441|SODC_HUMAN
592	A0A087X1N8|A0A087X1N8_HUMAN
593	C9JA28|C9JA28_HUMAN
594	A0A0C4DGV4|A0A0C4DGV4_HUMAN
595	P29590|PML_HUMAN
596	Q8TBQ9|KISHA_HUMAN
597	Q8NBN3|TM87A_HUMAN
598	P05455|LA_HUMAN
599	Q13405|RM49_HUMAN
600	Q86TI2|DPP9_HUMAN
601	P55060|XPO2_HUMAN
602	P00367|DHE3_HUMAN
603	P84103|SRSF3_HUMAN
604	P01024|CO3_HUMAN
605	Q9P0J0|NDUAD_HUMAN
606	Q9Y243|AKT3_HUMAN
607	Q99797|MIPEP_HUMAN
608	Q9NPF5|DMAP1_HUMAN
609	O60925|PFD1_HUMAN
610	P23246|SFPQ_HUMAN
611	C9JQD4|C9JQD4_HUMAN
612	Q9UNK0|STX8_HUMAN
613	Q92896|GSLG1_HUMAN
614	Q9NQW7|XPP1_HUMAN
615	Q9H792|PEAK1_HUMAN
616	Q96B36|AKTS1_HUMAN
617	Q96A73|P33MX_HUMAN
618	Q53EL6|PDCD4_HUMAN
619	P62328|TYB4_HUMAN
620	P37235|HPCL1_HUMAN
621	Q9UDW1|QCR9_HUMAN
622	Q8IV38|ANKY2_HUMAN
623	O94919|ENDD1_HUMAN
624	P62316|SMD2_HUMAN
625	P62714|PP2AB_HUMAN
626	Q13625|ASPP2_HUMAN
627	A6NDG6|PGP_HUMAN
628	Q8ND56|LS14A_HUMAN
629	Q9Y2J2|E41L3_HUMAN
630	P11021|BIP_HUMAN
631	Q9GZP9|DERL2_HUMAN
632	O95571|ETHE1_HUMAN
633	O14744|ANM5_HUMAN
634	Q01085|TIAR_HUMAN
635	Q86XP3|DDX42_HUMAN
636	P30043|BLVRB_HUMAN
637	P18206|VINC_HUMAN
638	H3BRL3|H3BRL3_HUMAN
639	Q9BY89|K1671_HUMAN
640	P49419|AL7A1_HUMAN
641	Q9Y2R4|DDX52_HUMAN
642	Q6DD88|ATLA3_HUMAN
643	Q8WZA9|IRGQ_HUMAN
644	E9PEB5|E9PEB5_HUMAN
645	Q96AJ9|VTI1A_HUMAN
646	A0A5H1ZRP4|A0A5H1ZRP4_HUMAN
647	A0A087WUB9|A0A087WUB9_HUMAN
648	Q9NRZ7|PLCC_HUMAN
649	P05161|ISG15_HUMAN
650	Q96B97|SH3K1_HUMAN
651	P36542|ATPG_HUMAN
652	Q5T440|CAF17_HUMAN
653	Q99424|ACOX2_HUMAN
654	P50281|MMP14_HUMAN
655	Q3ZCQ8|TIM50_HUMAN
656	Q96EY1|DNJA3_HUMAN
657	P07737|PROF1_HUMAN
658	O15091|MRPP3_HUMAN
659	Q16512|PKN1_HUMAN
660	P52294|IMA5_HUMAN
661	Q9UQ80|PA2G4_HUMAN
662	P52566|GDIR2_HUMAN
663	Q9NVM1|EVA1B_HUMAN
664	P54136|SYRC_HUMAN
665	Q08J23|NSUN2_HUMAN
666	Q9Y2S7|PDIP2_HUMAN
667	O75175|CNOT3_HUMAN
668	Q9Y2J4|AMOL2_HUMAN
669	P30153|2AAA_HUMAN
670	Q9BXR0|TGT_HUMAN
671	O95810|CAVN2_HUMAN
672	O94888|UBXN7_HUMAN
673	A0A2R8YEK8|A0A2R8YEK8_HUMAN
674	O43583|DENR_HUMAN
675	O95352|ATG7_HUMAN
676	Q9NYU2|UGGG1_HUMAN
677	P51149|RAB7A_HUMAN
678	E9PKG1|E9PKG1_HUMAN
679	P07203|GPX1_HUMAN
680	Q9Y230|RUVB2_HUMAN
681	C9JJT5|C9JJT5_HUMAN
682	Q9P266|JCAD_HUMAN
683	Q53FA7|QORX_HUMAN
684	A0A087X1B1|A0A087X1B1_HUMAN
685	Q8NEZ5|FBX22_HUMAN
686	Q14444|CAPR1_HUMAN
687	Q9NZB2|F120A_HUMAN
688	Q92575|UBXN4_HUMAN
689	Q8NC44|RETR2_HUMAN
690	Q8WWB7|GLMP_HUMAN
691	P40306|PSB10_HUMAN
692	Q8N3V7|SYNPO_HUMAN
693	Q9H6S3|ES8L2_HUMAN
694	Q9BUB7|TMM70_HUMAN
695	Q00839|HNRPU_HUMAN
696	P11802|CDK4_HUMAN
697	J3KNC0|J3KNC0_HUMAN
698	C9JLU1|C9JLU1_HUMAN
699	Q14498|RBM39_HUMAN
700	P08572|CO4A2_HUMAN
701	O60551|NMT2_HUMAN
702	P49411|EFTU_HUMAN
703	A0A669KAX9|A0A669KAX9_HUMAN
704	P02533|K1C14_HUMAN
705	O43242|PSMD3_HUMAN
706	Q8TEA8|DTD1_HUMAN
707	P50416|CPT1A_HUMAN
708	Q5W111|SPRY7_HUMAN
709	Q96DB5|RMD1_HUMAN
710	P39060|COIA1_HUMAN
711	Q32P41|TRM5_HUMAN
712	Q8WZA0|LZIC_HUMAN
713	H0Y3Y9|H0Y3Y9_HUMAN
714	P28074|PSB5_HUMAN
715	Q96AG4|LRC59_HUMAN
716	Q86W56|PARG_HUMAN
717	P03905|NU4M_HUMAN
718	Q8NCS4|TM35B_HUMAN
719	Q8WVT3|TPC12_HUMAN
720	Q8N357|S35F6_HUMAN
721	A0A7I2V2T3|A0A7I2V2T3_HUMAN
722	Q8NBJ7|SUMF2_HUMAN
723	Q12846|STX4_HUMAN
724	P68402|PA1B2_HUMAN
725	P17987|TCPA_HUMAN
726	Q9UNS2|CSN3_HUMAN
727	Q14157|UBP2L_HUMAN
728	O43731|ERD23_HUMAN
729	Q96C36|P5CR2_HUMAN
730	P08727|K1C19_HUMAN
731	Q9NX40|OCAD1_HUMAN
732	Q9Y316|MEMO1_HUMAN
733	P03915|NU5M_HUMAN
734	F8WEA4|F8WEA4_HUMAN
735	P07237|PDIA1_HUMAN
736	Q16698|DECR_HUMAN
737	Q9H8Y8|GORS2_HUMAN
738	B4DR80|B4DR80_HUMAN
739	Q15126|PMVK_HUMAN
740	P08133|ANXA6_HUMAN
741	Q14571|ITPR2_HUMAN
742	P20674|COX5A_HUMAN
743	H0YDU8|H0YDU8_HUMAN
744	Q8IXM6|NRM_HUMAN
745	P06576|ATPB_HUMAN
746	P05023|AT1A1_HUMAN
747	Q92520|FAM3C_HUMAN
748	P26368|U2AF2_HUMAN
749	Q0JRZ9|FCHO2_HUMAN
750	Q15813|TBCE_HUMAN
751	O14772|FPGT_HUMAN
752	P15586|GNS_HUMAN
753	Q5JTZ9|SYAM_HUMAN
754	Q9Y547|IFT25_HUMAN
755	Q9UI15|TAGL3_HUMAN
756	Q9Y4P1|ATG4B_HUMAN
757	Q92934|BAD_HUMAN
758	P49458|SRP09_HUMAN
759	Q15459|SF3A1_HUMAN
760	Q01813|PFKAP_HUMAN
761	P24534|EF1B_HUMAN
762	Q96JJ7|TMX3_HUMAN
763	Q9Y265|RUVB1_HUMAN
764	Q99622|C10_HUMAN
765	Q8N612|FHI1B_HUMAN
766	Q96A26|F162A_HUMAN
767	P38117|ETFB_HUMAN
768	K7EK43|K7EK43_HUMAN
769	Q14689|DIP2A_HUMAN
770	P41214|EIF2D_HUMAN
771	Q86UP2|KTN1_HUMAN
772	Q8IV08|PLD3_HUMAN
773	Q96IU4|ABHEB_HUMAN
774	Q9UM47|NOTC3_HUMAN
775	A0A0G2JLB3|A0A0G2JLB3_HUMAN
776	Q9UBP4|DKK3_HUMAN
777	P22061|PIMT_HUMAN
778	Q9BV20|MTNA_HUMAN
779	P51970|NDUA8_HUMAN
780	O15439|MRP4_HUMAN
781	H7C0W7|H7C0W7_HUMAN
782	Q9NX63|MIC19_HUMAN
783	Q9UIJ7|KAD3_HUMAN
784	K7EKI1|K7EKI1_HUMAN
785	Q9Y296|TPPC4_HUMAN
786	Q86SK9|SCD5_HUMAN
787	A0A087X0R6|A0A087X0R6_HUMAN
788	P40121|CAPG_HUMAN
789	P06493|CDK1_HUMAN
790	P40855|PEX19_HUMAN
791	P05198|IF2A_HUMAN
792	Q9Y2V2|CHSP1_HUMAN
793	B4DUD2|B4DUD2_HUMAN
794	P29317|EPHA2_HUMAN
795	P18085|ARF4_HUMAN
796	O95071|UBR5_HUMAN
797	P43686|PRS6B_HUMAN
798	P13716|HEM2_HUMAN
799	P0DP23|CALM1_HUMAN
800	Q96F86|EDC3_HUMAN
801	Q8NCN5|PDPR_HUMAN
802	P51570|GALK1_HUMAN
803	E9PAU2|E9PAU2_HUMAN
804	H0Y704|H0Y704_HUMAN
805	O15126|SCAM1_HUMAN
806	P22694|KAPCB_HUMAN
807	Q9HB90|RRAGC_HUMAN
808	Q9H2W6|RM46_HUMAN
809	P53602|MVD1_HUMAN
810	Q9Y3D0|CIA2B_HUMAN
811	Q5JXI2|Q5JXI2_HUMAN
812	Q9H773|DCTP1_HUMAN
813	Q96EY8|MMAB_HUMAN
814	Q86UT6|NLRX1_HUMAN
815	Q9UHW5|GPN3_HUMAN
816	Q96SQ9|CP2S1_HUMAN
817	P82921|RT21_HUMAN
818	Q9BVC6|TM109_HUMAN
819	Q9NQG5|RPR1B_HUMAN
820	P31942|HNRH3_HUMAN
821	Q96HY7|DHTK1_HUMAN
822	A0A0A0MRJ7|A0A0A0MRJ7_HUMAN
823	O00159|MYO1C_HUMAN
824	Q9HAB8|PPCS_HUMAN
825	Q24JP5|T132A_HUMAN
826	P24844|MYL9_HUMAN
827	Q9UHV9|PFD2_HUMAN
828	A0A096LPI6|A0A096LPI6_HUMAN
829	Q9Y6N5|SQOR_HUMAN
830	A0A804HJW5|A0A804HJW5_HUMAN
831	P78417|GSTO1_HUMAN
832	O75348|VATG1_HUMAN
833	Q13459|MYO9B_HUMAN
834	P04818|TYSY_HUMAN
835	O76054|S14L2_HUMAN
836	Q96KR6|F210B_HUMAN
837	P61106|RAB14_HUMAN
838	O14818|PSA7_HUMAN
839	Q8WW12|PCNP_HUMAN
840	P17612|KAPCA_HUMAN
841	P62487|RPB7_HUMAN
842	Q9UHY7|ENOPH_HUMAN
843	Q8NBI6|XXLT1_HUMAN
844	P08238|HS90B_HUMAN
845	Q86U28|ISCA2_HUMAN
846	P30044|PRDX5_HUMAN
847	Q01469|FABP5_HUMAN
848	Q7L1Q6|BZW1_HUMAN
849	A0A7I2V646|A0A7I2V646_HUMAN
850	P61758|PFD3_HUMAN
851	Q9BT73|PSMG3_HUMAN
852	Q5STZ8|Q5STZ8_HUMAN
853	O00311|CDC7_HUMAN
854	Q8NI08|NCOA7_HUMAN
855	P00846|ATP6_HUMAN
856	O75964|ATP5L_HUMAN
857	A8K7Q2|A8K7Q2_HUMAN
858	Q02880|TOP2B_HUMAN
859	C9J0J7|C9J0J7_HUMAN
860	P45877|PPIC_HUMAN
861	Q9UL54|TAOK2_HUMAN
862	Q3KQV9|UAP1L_HUMAN
863	E5RIM7|E5RIM7_HUMAN
864	C9JSZ1|C9JSZ1_HUMAN
865	Q53EP0|FND3B_HUMAN
866	Q13526|PIN1_HUMAN
867	A0A2R8YE63|A0A2R8YE63_HUMAN
868	Q92769|HDAC2_HUMAN
869	P51159|RB27A_HUMAN
870	P98179|RBM3_HUMAN
871	O14647|CHD2_HUMAN
872	Q9NY33|DPP3_HUMAN
873	Q8NHP6|MSPD2_HUMAN
874	P36957|ODO2_HUMAN
875	Q9BVJ7|DUS23_HUMAN
876	Q5JS54|PSMG4_HUMAN
877	Q9BR61|ACBD6_HUMAN
878	Q92542|NICA_HUMAN
879	P06865|HEXA_HUMAN
880	O43294|TGFI1_HUMAN
881	E7EUI6|E7EUI6_HUMAN
882	Q13617|CUL2_HUMAN
883	Q13442|HAP28_HUMAN
884	P32455|GBP1_HUMAN
885	A0A7P0TAR1|A0A7P0TAR1_HUMAN
886	Q13232|NDK3_HUMAN
887	Q5SRD1|TI23B_HUMAN
888	A4D1S5|RAB19_HUMAN
889	Q9Y3A6|TMED5_HUMAN
890	Q14699|RFTN1_HUMAN
891	Q96A49|SYAP1_HUMAN
892	Q96J01|THOC3_HUMAN
893	Q9Y5S1|TRPV2_HUMAN
894	Q96T23|RSF1_HUMAN
895	P30050|RL12_HUMAN
896	E7ETD8|E7ETD8_HUMAN
897	Q86SF2|GALT7_HUMAN
898	E9PM19|E9PM19_HUMAN
899	J3KQ48|J3KQ48_HUMAN
900	Q9ULC3|RAB23_HUMAN
901	O00762|UBE2C_HUMAN
902	P38432|COIL_HUMAN
903	P18669|PGAM1_HUMAN
904	Q9BW83|IFT27_HUMAN
905	Q9GZZ9|UBA5_HUMAN
906	P00505|AATM_HUMAN
907	Q9P299|COPZ2_HUMAN
908	O75937|DNJC8_HUMAN
909	C9JNW5|C9JNW5_HUMAN
910	P17301|ITA2_HUMAN
911	Q9BV86|NTM1A_HUMAN
912	P52895|AK1C2_HUMAN
913	U3KQ93|U3KQ93_HUMAN
914	O75223|GGCT_HUMAN
915	O15143|ARC1B_HUMAN
916	Q9NRG9|AAAS_HUMAN
917	P18031|PTN1_HUMAN
918	Q659C4|LAR1B_HUMAN
919	P08670|VIME_HUMAN
920	P49841|GSK3B_HUMAN
921	Q9NX47|MARH5_HUMAN
922	Q86SJ6|DSG4_HUMAN
923	Q9Y3B3|TMED7_HUMAN
924	Q07666|KHDR1_HUMAN
925	H0YGJ7|H0YGJ7_HUMAN
926	P11766|ADHX_HUMAN
927	O43290|SNUT1_HUMAN
928	O75131|CPNE3_HUMAN
929	Q96I51|RCC1L_HUMAN
930	A0A087WYF8|A0A087WYF8_HUMAN
931	Q9H6E4|CC134_HUMAN
932	O60828|PQBP1_HUMAN
933	O43676|NDUB3_HUMAN
934	Q13155|AIMP2_HUMAN
935	P30041|PRDX6_HUMAN
936	Q13423|NNTM_HUMAN
937	Q4G176|ACSF3_HUMAN
938	Q9H0S4|DDX47_HUMAN
939	P51797|CLCN6_HUMAN
940	Q8WZ82|OVCA2_HUMAN
941	Q9NR28|DBLOH_HUMAN
942	P52815|RM12_HUMAN
943	Q96ER9|MITOK_HUMAN
944	Q9H0V9|LMA2L_HUMAN
945	A0A7I2V4V1|A0A7I2V4V1_HUMAN
946	Q9Y2C4|EXOG_HUMAN
947	Q9NUQ7|UFSP2_HUMAN
948	P62979|RS27A_HUMAN
949	Q8WXG6|MADD_HUMAN
950	Q9NZJ9|NUDT4_HUMAN
951	Q9H3N1|TMX1_HUMAN
952	P28331|NDUS1_HUMAN
953	Q7Z3E2|CC186_HUMAN
954	Q96JC1|VPS39_HUMAN
955	P52888|THOP1_HUMAN
956	Q9BSH4|TACO1_HUMAN
957	Q9UNX4|WDR3_HUMAN
958	Q9BYM8|HOIL1_HUMAN
959	P61513|RL37A_HUMAN
960	P02461|CO3A1_HUMAN
961	Q9UMX0|UBQL1_HUMAN
962	Q9Y3B7|RM11_HUMAN
963	Q96GK7|FAH2A_HUMAN
964	J3KN66|J3KN66_HUMAN
965	Q9BVG4|PBDC1_HUMAN
966	F5GZG1|F5GZG1_HUMAN
967	A0A5H1ZRS1|A0A5H1ZRS1_HUMAN
968	P60981|DEST_HUMAN
969	I3L1P8|I3L1P8_HUMAN
970	O60493|SNX3_HUMAN
971	Q9HD67|MYO10_HUMAN
972	A0A0A0MRU9|A0A0A0MRU9_HUMAN
973	Q96CX2|KCD12_HUMAN
974	Q9Y3Q3|TMED3_HUMAN
975	Q13541|4EBP1_HUMAN
976	Q5VZE5|NAA35_HUMAN
977	Q96FJ2|DYL2_HUMAN
978	Q13425|SNTB2_HUMAN
979	O95336|6PGL_HUMAN
980	Q15785|TOM34_HUMAN
981	Q9NR12|PDLI7_HUMAN
982	Q9Y4G2|PKHM1_HUMAN
983	P31946|1433B_HUMAN
984	P05388|RLA0_HUMAN
985	Q15904|VAS1_HUMAN
986	P13797|PLST_HUMAN
987	Q8NB37|GALD1_HUMAN
988	F6QDS0|F6QDS0_HUMAN
989	P62834|RAP1A_HUMAN
990	P63167|DYL1_HUMAN
991	Q6P587|FAHD1_HUMAN
992	O75306|NDUS2_HUMAN
993	O15541|R113A_HUMAN
994	Q12904|AIMP1_HUMAN
995	Q8IWB7|WDFY1_HUMAN
996	Q9BPW8|NIPS1_HUMAN
997	P62241|RS8_HUMAN
998	A6NFQ2|TCAF2_HUMAN
999	Q86UE4|LYRIC_HUMAN
1000	P04844|RPN2_HUMAN
1001	A0A499FJN5|A0A499FJN5_HUMAN
1002	A0A2R8Y7W5|A0A2R8Y7W5_HUMAN
1003	P41227|NAA10_HUMAN
1004	P27449|VATL_HUMAN
1005	Q9GZN8|CT027_HUMAN
1006	Q86WA6|BPHL_HUMAN
1007	A0AVT1|UBA6_HUMAN
1008	P40227|TCPZ_HUMAN
1009	Q9HAV4|XPO5_HUMAN
1010	O75616|ERAL1_HUMAN
1011	O00203|AP3B1_HUMAN
1012	P05141|ADT2_HUMAN
1013	Q9BW27|NUP85_HUMAN
1014	P51812|KS6A3_HUMAN
1015	P09110|THIK_HUMAN
1016	P02751|FINC_HUMAN
1017	P05783|K1C18_HUMAN
1018	O94832|MYO1D_HUMAN
1019	Q9NZJ7|MTCH1_HUMAN
1020	H0YCZ2|H0YCZ2_HUMAN
1021	A0A087WVP4|A0A087WVP4_HUMAN
1022	Q9UHD8|SEPT9_HUMAN
1023	P13804|ETFA_HUMAN
1024	O15027|SC16A_HUMAN
1025	P20337|RAB3B_HUMAN
1026	Q96D15|RCN3_HUMAN
1027	P09012|SNRPA_HUMAN
1028	Q15434|RBMS2_HUMAN
1029	Q05519|SRS11_HUMAN
1030	P05067|A4_HUMAN
1031	Q53F19|NCBP3_HUMAN
1032	G5E9A6|G5E9A6_HUMAN
1033	P20340|RAB6A_HUMAN
1034	E7EQ69|E7EQ69_HUMAN
1035	P54819|KAD2_HUMAN
1036	P82663|RT25_HUMAN
1037	Q96HW7|INT4_HUMAN
1038	Q9BRX8|PXL2A_HUMAN
1039	O43155|FLRT2_HUMAN
1040	Q12789|TF3C1_HUMAN
1041	P49711|CTCF_HUMAN
1042	A0A7P0T989|A0A7P0T989_HUMAN
1043	Q9UHG3|PCYOX_HUMAN
1044	Q9Y2R9|RT07_HUMAN
1045	P49959|MRE11_HUMAN
1046	O00232|PSD12_HUMAN
1047	O00186|STXB3_HUMAN
1048	Q04941|PLP2_HUMAN
1049	Q9NPQ8|RIC8A_HUMAN
1050	Q7L5N1|CSN6_HUMAN
1051	P61764|STXB1_HUMAN
1052	Q9H0C8|ILKAP_HUMAN
1053	P43897|EFTS_HUMAN
1054	Q96FQ6|S10AG_HUMAN
1055	E9PFD7|E9PFD7_HUMAN
1056	P28066|PSA5_HUMAN
1057	H3BNI4|H3BNI4_HUMAN
1058	A0A087WWU8|A0A087WWU8_HUMAN
1059	Q15691|MARE1_HUMAN
1060	P36405|ARL3_HUMAN
1061	P62753|RS6_HUMAN
1062	Q8NC51|PAIRB_HUMAN
1063	Q8NEW0|ZNT7_HUMAN
1064	P53992|SC24C_HUMAN
1065	Q8N766|EMC1_HUMAN
1066	P14618|KPYM_HUMAN
1067	Q7Z5L9|I2BP2_HUMAN
1068	D6RBJ9|D6RBJ9_HUMAN
1069	Q8NFQ8|TOIP2_HUMAN
1070	Q9Y5Q0|FADS3_HUMAN
1071	Q96NE9|FRMD6_HUMAN
1072	A0A0A0MR88|A0A0A0MR88_HUMAN
1073	J3QLD1|J3QLD1_HUMAN
1074	Q9BT09|CNPY3_HUMAN
1075	Q9NRR5|UBQL4_HUMAN
1076	Q8N163|CCAR2_HUMAN
1077	O14737|PDCD5_HUMAN
1078	P83876|TXN4A_HUMAN
1079	Q9Y6X3|SCC4_HUMAN
1080	Q9ULZ3|ASC_HUMAN
1081	Q96C24|SYTL4_HUMAN
1082	Q9H4X1|RGCC_HUMAN
1083	A6NDU8|CE051_HUMAN
1084	P39656|OST48_HUMAN
1085	O00148|DX39A_HUMAN
1086	P40938|RFC3_HUMAN
1087	Q15847|ADIRF_HUMAN
1088	Q9NZM1|MYOF_HUMAN
1089	O14949|QCR8_HUMAN
1090	Q7Z4V5|HDGR2_HUMAN
1091	Q8IX18|DHX40_HUMAN
1092	P50479|PDLI4_HUMAN
1093	P38646|GRP75_HUMAN
1094	Q15738|NSDHL_HUMAN
1095	Q13158|FADD_HUMAN
1096	Q16531|DDB1_HUMAN
1097	P80303|NUCB2_HUMAN
1098	Q9NR50|EI2BG_HUMAN
1099	Q01130|SRSF2_HUMAN
1100	O43795|MYO1B_HUMAN
1101	Q12986|NFX1_HUMAN
1102	Q92688|AN32B_HUMAN
1103	Q9H019|MFR1L_HUMAN
1104	P12931|SRC_HUMAN
1105	Q7Z4H8|PLGT3_HUMAN
1106	Q86X76|NIT1_HUMAN
1107	Q5TIH2|Q5TIH2_HUMAN
1108	Q96JM3|CHAP1_HUMAN
1109	Q14232|EI2BA_HUMAN
1110	Q9UI30|TR112_HUMAN
1111	Q00169|PIPNA_HUMAN
1112	Q12965|MYO1E_HUMAN
1113	C9JWF7|C9JWF7_HUMAN
1114	Q9UBI6|GBG12_HUMAN
1115	P61313|RL15_HUMAN
1116	P16278|BGAL_HUMAN
1117	Q08AG7|MZT1_HUMAN
1118	Q9UBB4|ATX10_HUMAN
1119	Q16718|NDUA5_HUMAN
1120	A0A1B0GTU4|A0A1B0GTU4_HUMAN
1121	P62266|RS23_HUMAN
1122	P82979|SARNP_HUMAN
1123	Q9Y6M9|NDUB9_HUMAN
1124	Q9H9H4|VP37B_HUMAN
1125	Q86Y82|STX12_HUMAN
1126	P35250|RFC2_HUMAN
1127	Q9NPF0|CD320_HUMAN
1128	B8ZZA8|B8ZZA8_HUMAN
1129	O95168|NDUB4_HUMAN
1130	Q9NVS9|PNPO_HUMAN
1131	Q9UN37|VPS4A_HUMAN
1132	P48163|MAOX_HUMAN
1133	A0A5F9YFS9|A0A5F9YFS9_HUMAN
1134	Q6FI81|CPIN1_HUMAN
1135	Q15464|SHB_HUMAN
1136	O60239|3BP5_HUMAN
1137	Q9UJ70|NAGK_HUMAN
1138	Q8NBF2|NHLC2_HUMAN
1139	P84090|ERH_HUMAN
1140	C9J6P4|C9J6P4_HUMAN
1141	Q8TEQ6|GEMI5_HUMAN
1142	P62906|RL10A_HUMAN
1143	Q92905|CSN5_HUMAN
1144	Q99614|TTC1_HUMAN
1145	Q9Y6G9|DC1L1_HUMAN
1146	Q96EY5|MB12A_HUMAN
1147	P14209|CD99_HUMAN
1148	P49189|AL9A1_HUMAN
1149	P62244|RS15A_HUMAN
1150	Q96TC7|RMD3_HUMAN
1151	Q16204|CCDC6_HUMAN
1152	P60604|UB2G2_HUMAN
1153	P14317|HCLS1_HUMAN
1154	Q13206|DDX10_HUMAN
1155	P35637|FUS_HUMAN
1156	P84095|RHOG_HUMAN
1157	Q15796|SMAD2_HUMAN
1158	Q9UMS0|NFU1_HUMAN
1159	Q7L523|RRAGA_HUMAN
1160	Q6PI48|SYDM_HUMAN
1161	Q9Y2S6|TMA7_HUMAN
1162	Q9H9J2|RM44_HUMAN
1163	Q9H845|ACAD9_HUMAN
1164	Q13547|HDAC1_HUMAN
1165	Q9UG63|ABCF2_HUMAN
1166	P05026|AT1B1_HUMAN
1167	P07602|SAP_HUMAN
1168	Q9Y281|COF2_HUMAN
1169	Q9Y2L9|LRCH1_HUMAN
1170	Q93052|LPP_HUMAN
1171	Q86V21|AACS_HUMAN
1172	P57088|TMM33_HUMAN
1173	Q5RI15|COX20_HUMAN
1174	Q9HB07|MYG1_HUMAN
1175	Q9BVK6|TMED9_HUMAN
1176	Q16762|THTR_HUMAN
1177	P20962|PTMS_HUMAN
1178	Q6NZI2|CAVN1_HUMAN
1179	P24539|AT5F1_HUMAN
1180	Q13838|DX39B_HUMAN
1181	Q9Y2U8|MAN1_HUMAN
1182	Q9Y3E1|HDGR3_HUMAN
1183	Q03135|CAV1_HUMAN
1184	A0A0A0MTP2|A0A0A0MTP2_HUMAN
1185	Q9P2Q2|FRM4A_HUMAN
1186	P24752|THIL_HUMAN
1187	Q9P2X0|DPM3_HUMAN
1188	Q9NP61|ARFG3_HUMAN
1189	Q15366|PCBP2_HUMAN
1190	O75828|CBR3_HUMAN
1191	P55899|FCGRN_HUMAN
1192	P49755|TMEDA_HUMAN
1193	P50990|TCPQ_HUMAN
1194	Q00765|REEP5_HUMAN
1195	Q96AB3|ISOC2_HUMAN
1196	P46976|GLYG_HUMAN
1197	P21810|PGS1_HUMAN
1198	Q9UNM6|PSD13_HUMAN
1199	O00501|CLD5_HUMAN
1200	P09601|HMOX1_HUMAN
1201	Q9NUJ1|ABHDA_HUMAN
1202	Q9BUJ2|HNRL1_HUMAN
1203	Q9Y4D7|PLXD1_HUMAN
1204	Q9UJ72|ANX10_HUMAN
1205	P10109|ADX_HUMAN
1206	Q13371|PHLP_HUMAN
1207	Q8NCC3|PAG15_HUMAN
1208	Q8WW59|SPRY4_HUMAN
1209	P38570|ITAE_HUMAN
1210	Q9Y3C1|NOP16_HUMAN
1211	P63220|RS21_HUMAN
1212	K7ELL7|K7ELL7_HUMAN
1213	Q9UBQ0|VPS29_HUMAN
1214	P23921|RIR1_HUMAN
1215	Q92851|CASPA_HUMAN
1216	P13073|COX41_HUMAN
1217	Q86YP4|P66A_HUMAN
1218	Q9BXJ9|NAA15_HUMAN
1219	P78527|PRKDC_HUMAN
1220	Q9NVI7|ATD3A_HUMAN
1221	Q9NT62|ATG3_HUMAN
1222	E2QRB9|E2QRB9_HUMAN
1223	P32969|RL9_HUMAN
1224	D3YTG3|D3YTG3_HUMAN
1225	P30086|PEBP1_HUMAN
1226	Q9NPJ3|ACO13_HUMAN
1227	P17174|AATC_HUMAN
1228	Q13151|ROA0_HUMAN
1229	Q7Z2W4|ZCCHV_HUMAN
1230	P15121|ALDR_HUMAN
1231	Q8N5M9|JAGN1_HUMAN
1232	O00483|NDUA4_HUMAN
1233	Q7LGA3|HS2ST_HUMAN
1234	O43252|PAPS1_HUMAN
1235	P15090|FABP4_HUMAN
1236	P23919|KTHY_HUMAN
1237	Q96BP3|PPWD1_HUMAN
1238	A0A7I2UQ36|A0A7I2UQ36_HUMAN
1239	Q7Z7E8|UB2Q1_HUMAN
1240	H3BNC9|H3BNC9_HUMAN
1241	Q9UBV8|PEF1_HUMAN
1242	Q14166|TTL12_HUMAN
1243	P18754|RCC1_HUMAN
1244	Q9GZX9|TWSG1_HUMAN
1245	Q6NZY4|ZCHC8_HUMAN
1246	Q9Y3D6|FIS1_HUMAN
1247	Q9ULF5|S39AA_HUMAN
1248	O43809|CPSF5_HUMAN
1249	Q6EEV4|GL1AD_HUMAN
1250	P84022|SMAD3_HUMAN
1251	Q99643|C560_HUMAN
1252	H0YBG7|H0YBG7_HUMAN
1253	Q92820|GGH_HUMAN
1254	P41240|CSK_HUMAN
1255	P14635|CCNB1_HUMAN
1256	G5E9E7|G5E9E7_HUMAN
1257	Q9Y679|AUP1_HUMAN
1258	P31153|METK2_HUMAN
1259	Q9Y696|CLIC4_HUMAN
1260	P10606|COX5B_HUMAN
1261	A0A7I2V3S3|A0A7I2V3S3_HUMAN
1262	Q9H0Q0|CYRIA_HUMAN
1263	P08236|BGLR_HUMAN
1264	O14561|ACPM_HUMAN
1265	Q9P000|COMD9_HUMAN
1266	Q92552|RT27_HUMAN
1267	O75508|CLD11_HUMAN
1268	Q96KC8|DNJC1_HUMAN
1269	O43318|M3K7_HUMAN
1270	Q9UKY7|CDV3_HUMAN
1271	A0A6Q8PHK0|A0A6Q8PHK0_HUMAN
1272	A0A7P0Z4F9|A0A7P0Z4F9_HUMAN
1273	P20645|MPRD_HUMAN
1274	Q8TCJ2|STT3B_HUMAN
1275	P21291|CSRP1_HUMAN
1276	P24385|CCND1_HUMAN
1277	Q56VL3|OCAD2_HUMAN
1278	P83111|LACTB_HUMAN
1279	P55884|EIF3B_HUMAN
1280	Q12792|TWF1_HUMAN
1281	Q8IXM3|RM41_HUMAN
1282	Q96BX8|MOB3A_HUMAN
1283	Q6NVY1|HIBCH_HUMAN
1284	O15160|RPAC1_HUMAN
1285	Q99836|MYD88_HUMAN
1286	P35270|SPRE_HUMAN
1287	O00499|BIN1_HUMAN
1288	Q9BRA2|TXD17_HUMAN
1289	P30154|2AAB_HUMAN
1290	P13861|KAP2_HUMAN
1291	P07954|FUMH_HUMAN
1292	P00918|CAH2_HUMAN
1293	P17302|CXA1_HUMAN
1294	O43752|STX6_HUMAN
1295	P08729|K2C7_HUMAN
1296	Q96PK6|RBM14_HUMAN
1297	Q05655|KPCD_HUMAN
1298	Q16775|GLO2_HUMAN
1299	Q9Y6H1|CHCH2_HUMAN
1300	Q9H1E3|NUCKS_HUMAN
1301	Q9BRT3|MIEN1_HUMAN
1302	Q15056|IF4H_HUMAN
1303	O95104|SCAF4_HUMAN
1304	Q6UXN9|WDR82_HUMAN
1305	Q14318|FKBP8_HUMAN
1306	P58546|MTPN_HUMAN
1307	Q9Y3Q8|T22D4_HUMAN
1308	Q9Y512|SAM50_HUMAN
1309	Q5JSZ5|PRC2B_HUMAN
1310	P17931|LEG3_HUMAN
1311	Q8WUX9|CHMP7_HUMAN
1312	Q8NHU6|TDRD7_HUMAN
1313	Q9BZK3|NACP4_HUMAN
1314	Q9H444|CHM4B_HUMAN
1315	Q9BU61|NDUF3_HUMAN
1316	O95865|DDAH2_HUMAN
1317	Q8N5I4|DHRSX_HUMAN
1318	Q9NZ08|ERAP1_HUMAN
1319	Q7Z4G1|COMD6_HUMAN
1320	O96019|ACL6A_HUMAN
1321	O60678|ANM3_HUMAN
1322	O75531|BAF_HUMAN
1323	Q9BWF3|RBM4_HUMAN
1324	Q9P035|HACD3_HUMAN
1325	Q9H299|SH3L3_HUMAN
1326	Q13451|FKBP5_HUMAN
1327	Q8N4Q1|MIA40_HUMAN
1328	Q8NFV4|ABHDB_HUMAN
1329	P10768|ESTD_HUMAN
1330	Q99733|NP1L4_HUMAN
1331	Q9C035|TRIM5_HUMAN
1332	P62879|GBB2_HUMAN
1333	O00767|SCD_HUMAN
1334	Q9H3H3|CK068_HUMAN
1335	P05412|JUN_HUMAN
1336	P63173|RL38_HUMAN
1337	O43707|ACTN4_HUMAN
1338	Q9NVE7|PANK4_HUMAN
1339	Q9UHY1|NRBP_HUMAN
1340	Q6XQN6|PNCB_HUMAN
1341	Q9BSD7|NTPCR_HUMAN
1342	P61353|RL27_HUMAN
1343	P60059|SC61G_HUMAN
1344	O14976|GAK_HUMAN
1345	Q96IX5|ATPMK_HUMAN
1346	H0YI37|H0YI37_HUMAN
1347	P60903|S10AA_HUMAN
1348	E9PRG1|E9PRG1_HUMAN
1349	Q99808|S29A1_HUMAN
1350	Q14249|NUCG_HUMAN
1351	Q9NUQ2|PLCE_HUMAN
1352	O75340|PDCD6_HUMAN
1353	Q13444|ADA15_HUMAN
1354	Q99497|PARK7_HUMAN
1355	P13473|LAMP2_HUMAN
1356	P42167|LAP2B_HUMAN
1357	P20073|ANXA7_HUMAN
1358	Q9BV40|VAMP8_HUMAN
1359	H7C3C4|H7C3C4_HUMAN
1360	Q8N556|AFAP1_HUMAN
1361	Q9UJ68|MSRA_HUMAN
1362	P09382|LEG1_HUMAN
1363	Q7Z2W9|RM21_HUMAN
1364	P17858|PFKAL_HUMAN
1365	Q9H2G2|SLK_HUMAN
1366	Q06481|APLP2_HUMAN
1367	P54920|SNAA_HUMAN
1368	P62805|H4_HUMAN
1369	P49441|INPP_HUMAN
1370	P29279|CCN2_HUMAN
1371	Q14344|GNA13_HUMAN
1372	Q99961|SH3G1_HUMAN
1373	P62917|RL8_HUMAN
1374	Q9ULC5|ACSL5_HUMAN
1375	Q96Q89|KI20B_HUMAN
1376	Q13085|ACACA_HUMAN
1377	P62304|RUXE_HUMAN
1378	Q6NV74|CRCDL_HUMAN
1379	Q96CS3|FAF2_HUMAN
1380	Q5W0V3|FHI2A_HUMAN
1381	Q9NSC5|HOME3_HUMAN
1382	Q6PIU2|NCEH1_HUMAN
1383	Q14677|EPN4_HUMAN
1384	P31323|KAP3_HUMAN
1385	Q13601|KRR1_HUMAN
1386	Q16666|IF16_HUMAN
1387	Q8WVM0|TFB1M_HUMAN
1388	Q8N4V1|EMC5_HUMAN
1389	P33993|MCM7_HUMAN
1390	K7ESC7|K7ESC7_HUMAN
1391	P30876|RPB2_HUMAN
1392	Q8N1G2|CMTR1_HUMAN
1393	A0A3B3ISI6|A0A3B3ISI6_HUMAN
1394	P21359|NF1_HUMAN
1395	B8ZZD4|B8ZZD4_HUMAN
1396	A0A7I2V322|A0A7I2V322_HUMAN
1397	Q9NTI5|PDS5B_HUMAN
1398	P29728|OAS2_HUMAN
1399	P33121|ACSL1_HUMAN
1400	Q5JNZ5|RS26L_HUMAN
1401	A0A7P0T8Q8|A0A7P0T8Q8_HUMAN
1402	P54652|HSP72_HUMAN
1403	P01130|LDLR_HUMAN
1404	B1AP13|B1AP13_HUMAN
1405	P78559|MAP1A_HUMAN
1406	Q9UL25|RAB21_HUMAN
1407	Q6P9H5|GIMA6_HUMAN
1408	Q9BSC4|NOL10_HUMAN
1409	P46019|KPB2_HUMAN
1410	Q96RP9|EFGM_HUMAN
1411	A7E2V4|ZSWM8_HUMAN
1412	Q86X27|RGPS2_HUMAN
1413	Q9H254|SPTN4_HUMAN
1414	Q08AM6|VAC14_HUMAN
1415	Q9BTC0|DIDO1_HUMAN
1416	F8WAJ0|F8WAJ0_HUMAN
1417	O95169|NDUB8_HUMAN
1418	Q5T280|CI114_HUMAN
1419	Q93034|CUL5_HUMAN
1420	Q70J99|UN13D_HUMAN
1421	F6Y5H0|F6Y5H0_HUMAN
1422	Q14254|FLOT2_HUMAN
1423	K7EL99|K7EL99_HUMAN
1424	Q8NEV4|MYO3A_HUMAN
1425	P61073|CXCR4_HUMAN
1426	Q8NI36|WDR36_HUMAN
1427	Q96B26|EXOS8_HUMAN
1428	Q9NUT2|MITOS_HUMAN
1429	J3KN01|J3KN01_HUMAN
1430	P02787|TRFE_HUMAN
1431	D6R992|D6R992_HUMAN
1432	Q6P1K2|PMF1_HUMAN
1433	J3KQ66|J3KQ66_HUMAN
1434	Q96AY4|TTC28_HUMAN
1435	A6NGN4|PRA25_HUMAN
1436	Q9UKV8|AGO2_HUMAN
1437	Q86UL3|GPAT4_HUMAN
1438	Q14145|KEAP1_HUMAN
1439	G3V4K3|G3V4K3_HUMAN
1440	P35240|MERL_HUMAN
1441	A0A6I8PS32|A0A6I8PS32_HUMAN
1442	I3L3C2|I3L3C2_HUMAN
1443	O43818|U3IP2_HUMAN
1444	Q6P2Q9|PRP8_HUMAN
1445	F8W8R3|F8W8R3_HUMAN
1446	Q15035|TRAM2_HUMAN
1447	P18074|ERCC2_HUMAN
1448	P28340|DPOD1_HUMAN
1449	Q5VSL9|STRP1_HUMAN
1450	Q99567|NUP88_HUMAN
1451	P46977|STT3A_HUMAN
1452	O00418|EF2K_HUMAN
1453	Q16739|CEGT_HUMAN
1454	Q9BYK8|HELZ2_HUMAN
1455	Q8IWU5|SULF2_HUMAN
1456	P37287|PIGA_HUMAN
1457	P24001|IL32_HUMAN
1458	B2RXH8|HNRC2_HUMAN
1459	Q86YJ7|AN13B_HUMAN
1460	B4DHE8|B4DHE8_HUMAN
1461	A0A087WVS8|A0A087WVS8_HUMAN
1462	P10145|IL8_HUMAN
1463	Q13201|MMRN1_HUMAN
1464	M0QZ22|M0QZ22_HUMAN
1465	Q8TB24|RIN3_HUMAN
1466	R4GN18|R4GN18_HUMAN
1467	P20700|LMNB1_HUMAN
1468	E9PAV9|E9PAV9_HUMAN
1469	Q86US8|EST1A_HUMAN
1470	Q13576|IQGA2_HUMAN
1471	Q9ULC0|MUCEN_HUMAN
1472	Q8TDW7|FAT3_HUMAN
1473	Q9HC35|EMAL4_HUMAN
1474	Q8N108|MIER1_HUMAN
1475	A0A0A0MSZ4|A0A0A0MSZ4_HUMAN
1476	E5RIA4|E5RIA4_HUMAN
1477	Q8NFH4|NUP37_HUMAN
1478	Q9Y2B0|CNPY2_HUMAN
1479	O43934|MFS11_HUMAN
1480	O75182|SIN3B_HUMAN
1481	Q9Y2G8|DJC16_HUMAN
1482	Q9HCE1|MOV10_HUMAN
1483	Q9UBC5|MYO1A_HUMAN
1484	P0DPK5|H3Y2_HUMAN
1485	A0A7I2V586|A0A7I2V586_HUMAN
1486	Q9H3H5|GPT_HUMAN
1487	Q3L8U1|CHD9_HUMAN
1488	A0A7I2V4K0|A0A7I2V4K0_HUMAN
1489	Q9UBU9|NXF1_HUMAN
1490	Q8WUH2|TGFA1_HUMAN
1491	Q9H307|PININ_HUMAN
1492	P63261|ACTG_HUMAN
1493	A6NHL2|TBAL3_HUMAN
1494	O15211|RGL2_HUMAN
1495	Q9H7F0|AT133_HUMAN
1496	A0A7P0T855|A0A7P0T855_HUMAN
1497	Q32MZ4|LRRF1_HUMAN
1498	A0A6Q8PFR3|A0A6Q8PFR3_HUMAN
1499	A0A0J9YXF2|A0A0J9YXF2_HUMAN
1500	H7C0J8|H7C0J8_HUMAN
1501	Q6NUM9|RETST_HUMAN
1502	P63096|GNAI1_HUMAN
1503	A0A2R8YFH5|A0A2R8YFH5_HUMAN
1504	O14795|UN13B_HUMAN
1505	A0A0R4J2F3|A0A0R4J2F3_HUMAN
1506	Q9H0J9|PAR12_HUMAN
1507	Q9BQS8|FYCO1_HUMAN
1508	E9PSB9|E9PSB9_HUMAN
1509	P02749|APOH_HUMAN
1510	P05423|RPC4_HUMAN
1511	Q96EM0|T3HPD_HUMAN
1512	A0A3B3ISK2|A0A3B3ISK2_HUMAN
1513	M0R0I5|M0R0I5_HUMAN
1514	Q14241|ELOA1_HUMAN
1515	K7EPR5|K7EPR5_HUMAN
1516	Q9NVN3|RIC8B_HUMAN
1517	O95248|MTMR5_HUMAN
1518	P10646|TFPI1_HUMAN
1519	Q14151|SAFB2_HUMAN
1520	O95837|GNA14_HUMAN
1521	P11274|BCR_HUMAN
1522	M0QZI3|M0QZI3_HUMAN
1523	Q9NY26|S39A1_HUMAN
1524	A2PYH4|HFM1_HUMAN
1525	O43237|DC1L2_HUMAN
1526	Q9NU23|LYRM2_HUMAN
1527	Q14197|ICT1_HUMAN
1528	Q99595|TI17A_HUMAN
1529	Q9NVU0|RPC5_HUMAN
1530	J3QTA2|J3QTA2_HUMAN
1531	P21741|MK_HUMAN
1532	Q8IYD1|ERF3B_HUMAN
1533	R4GN69|R4GN69_HUMAN
1534	Q92686|NEUG_HUMAN
1535	O43149|ZZEF1_HUMAN
1536	F5H5P2|F5H5P2_HUMAN
1537	Q14568|HS902_HUMAN
1538	E7EQY1|E7EQY1_HUMAN
1539	A0A7I2V5J8|A0A7I2V5J8_HUMAN
1540	Q8IXQ6|PARP9_HUMAN
1541	A0A2R8Y600|A0A2R8Y600_HUMAN
1542	E7EMV2|E7EMV2_HUMAN
1543	Q9NR19|ACSA_HUMAN
1544	O75844|FACE1_HUMAN
1545	Q92870|APBB2_HUMAN
1546	Q9HB40|RISC_HUMAN
1547	Q9UNQ2|DIM1_HUMAN
1548	A0A7I2YQA8|A0A7I2YQA8_HUMAN
1549	O43347|MSI1H_HUMAN
1550	Q6PJ69|TRI65_HUMAN
1551	Q13033|STRN3_HUMAN
1552	P62736|ACTA_HUMAN
1553	Q5SNT2|TM201_HUMAN
1554	P34932|HSP74_HUMAN
1555	Q7Z7L7|ZER1_HUMAN
1556	O15085|ARHGB_HUMAN
1557	Q8NDI1|EHBP1_HUMAN
1558	Q9NVA4|T184C_HUMAN
1559	Q9Y287|ITM2B_HUMAN
1560	P42025|ACTY_HUMAN
1561	Q8IX12|CCAR1_HUMAN
1562	P42566|EPS15_HUMAN
1563	A0A0A0MS29|A0A0A0MS29_HUMAN
1564	O14529|CUX2_HUMAN
1565	P40222|TXLNA_HUMAN
1566	Q9H4B7|TBB1_HUMAN
1567	H0YA68|H0YA68_HUMAN
1568	A6NG10|A6NG10_HUMAN
1569	A5A3E0|POTEF_HUMAN
1570	P10586|PTPRF_HUMAN
1571	Q86VS8|HOOK3_HUMAN
1572	P60520|GBRL2_HUMAN
1573	Q9UGQ3|GTR6_HUMAN
1574	P02768|ALBU_HUMAN
1575	P78362|SRPK2_HUMAN
1576	O60353|FZD6_HUMAN
1577	O14802|RPC1_HUMAN
1578	Q5TCS8|KAD9_HUMAN
1579	O15021|MAST4_HUMAN
1580	E7EN19|E7EN19_HUMAN
1581	Q16706|MA2A1_HUMAN
1582	Q9H0P0|5NT3A_HUMAN
1583	Q86YZ3|HORN_HUMAN
1584	P28070|PSB4_HUMAN
1585	H0YKP9|H0YKP9_HUMAN
1586	Q8TF42|UBS3B_HUMAN
1587	P80294|MT1H_HUMAN
1588	Q8N697|S15A4_HUMAN
1589	P48668|K2C6C_HUMAN
1590	Q9Y5G0|PCDGH_HUMAN
1591	Q9UQE7|SMC3_HUMAN
1592	P48307|TFPI2_HUMAN
1593	M0R2S1|M0R2S1_HUMAN
1594	Q13177|PAK2_HUMAN
1595	H0YCC8|H0YCC8_HUMAN
1596	Q9NRW3|ABC3C_HUMAN
1597	E9PFK9|E9PFK9_HUMAN
1598	O43310|CTIF_HUMAN
1599	Q8TAA9|VANG1_HUMAN
1600	Q9H2M9|RBGPR_HUMAN
1601	A0A096LP69|A0A096LP69_HUMAN
1602	Q9UHP3|UBP25_HUMAN
1603	A0A3B3ITR4|A0A3B3ITR4_HUMAN
1604	Q9H488|OFUT1_HUMAN
1605	Q92466|DDB2_HUMAN
1606	Q96CS2|HAUS1_HUMAN
1607	E9PIE4|E9PIE4_HUMAN
1608	P07919|QCR6_HUMAN
1609	P18858|DNLI1_HUMAN
1610	Q9UNN8|EPCR_HUMAN
1611	Q9BYD1|RM13_HUMAN
1612	F5H7K1|F5H7K1_HUMAN
1613	Q8NFP9|NBEA_HUMAN
1614	M0R2K9|M0R2K9_HUMAN
1615	P26447|S10A4_HUMAN
1616	O75884|RBBP9_HUMAN
1617	O14686|KMT2D_HUMAN
1618	Q15048|LRC14_HUMAN
1619	P62166|NCS1_HUMAN
1620	A0A0D9SG04|A0A0D9SG04_HUMAN
1621	Q3ZCM7|TBB8_HUMAN
1622	Q9ULH1|ASAP1_HUMAN
1623	Q14162|SREC_HUMAN
1624	P62745|RHOB_HUMAN
1625	Q9UII2|ATIF1_HUMAN
1626	Q9H490|PIGU_HUMAN
1627	A0A7P0Z455|A0A7P0Z455_HUMAN
1628	Q5BJH2|TM128_HUMAN
1629	O94907|DKK1_HUMAN
1630	Q5VYS8|TUT7_HUMAN
1631	Q8N6M3|FITM2_HUMAN
1632	P25942|TNR5_HUMAN
1633	Q8ND71|GIMA8_HUMAN
1634	E9PP21|E9PP21_HUMAN
1635	Q9C005|DPY30_HUMAN
1636	Q9NP77|SSU72_HUMAN
1637	Q8IV48|ERI1_HUMAN
1638	H3BV68|H3BV68_HUMAN
1639	H0YMT9|H0YMT9_HUMAN
1640	O94776|MTA2_HUMAN
1641	Q9Y5S9|RBM8A_HUMAN
1642	Q13873|BMPR2_HUMAN
1643	Q9UIS9|MBD1_HUMAN
1644	Q7L1T6|NB5R4_HUMAN
1645	P09848|LPH_HUMAN
1646	Q9NRG1|PRDC1_HUMAN
1647	O43166|SI1L1_HUMAN
1648	O00291|HIP1_HUMAN
1649	Q7Z2T5|TRM1L_HUMAN
1650	Q9NQG1|MANBL_HUMAN
1651	Q5JU69|TOR2A_HUMAN
1652	Q13740|CD166_HUMAN
1653	Q9BY76|ANGL4_HUMAN
1654	Q69YN4|VIR_HUMAN
1655	Q13636|RAB31_HUMAN
1656	G8JLA2|G8JLA2_HUMAN
1657	Q12888|TP53B_HUMAN
1658	Q8NG11|TSN14_HUMAN
1659	Q8N1W1|ARG28_HUMAN
1660	Q9NUP9|LIN7C_HUMAN
1661	O95857|TSN13_HUMAN
1662	Q8NCL4|GALT6_HUMAN
1663	O75683|SURF6_HUMAN
1664	P35354|PGH2_HUMAN
1665	P80217|IN35_HUMAN
1666	A0A1C7CYX1|A0A1C7CYX1_HUMAN
1667	Q32P51|RA1L2_HUMAN
1668	Q12955|ANK3_HUMAN
1669	Q9Y3A4|RRP7A_HUMAN
1670	Q68D91|MBLC2_HUMAN
1671	Q9UN86|G3BP2_HUMAN
