only_4h	only_24h	in_both
Q96MF7	Q96EY8	Q12789
Q9UBB5	Q5T4U5	Q8NG11
A0A0D9SEJ5	Q9Y6H1	Q9NZ08
A0A2R8Y880	Q9HB40	O95297
Q9NTJ4	Q8TD55	P52907
A0A286YEX4	Q9Y287	J3KQ66
P19823	P30050	Q9Y3F4
A0A6Q8PH57	J3QTA2	Q8NBJ7
Q5VW52	Q9BVG9	A0A140T9T7
O60885	Q13547	O43318
B8ZZN6	Q14249	Q8IUE6
Q14164	P20674	A0A087WUB9
O14530	Q9Y4D7	P62191
Q4TT34	Q9UQE7	Q9H792
O75173	P05106	Q9BVJ7
O75153	P06241	P40938
E9PF32	Q9NYU2	P48307
A0A087WWF1	Q9P299	Q56VL3
Q96AA3	P48643	P14635
P78385	Q9P2X0	Q53FT3
Q9Y680	E5RHG8	P61073
Q9NTZ6	P17301	P13716
O00469	P37840	P62979
D6RE79	P14927	Q8N4Q1
B4DI26	P27449	J3KP39
H0Y8H4	O75508	P29590
P02760	Q9Y6K0	Q9H3N1
Q01650	Q8IXK0	F6U236
M0R226	Q9NSU2	O75144
Q9P0L0	P37108	Q9Y265
A0A3F2YNY7	Q70J99	O00186
O00401	A0A1P0AYU5	O15066
Q9NUP1	Q96BP3	A0A6Q8PHH5
A0A2R8Y6M7	Q14254	K7EKI1
Q9NVA1	Q8NCS4	Q96A73
P13807	A0A7I2V4V1	O43752
P49184	E9PFR3	H7C0J8
J3QQV2	O14929	E9PFD7
B5MC53	P08727	P54652
O00592	P05161	O75116
A0A0A0MTS7	Q6P1K2	Q71UI9
O15144	P14406	Q13444
Q5VW32	B8ZZA8	Q14166
F8VPF3	Q9UHB9	P51817
Q8N5I2	O95372	Q9Y3D3
O94826	P50479	Q8IWB1
H0Y6V6	P30041	D3YTG3
A0A087WWP8	Q05655	B0QYK0
P52569	Q92552	H3BN98
Q6ZN40	E7EN19	Q8NC51
P15151	Q9BX40	O14772
O00635	Q9GZT3	H0Y837
P15259	Q86W56	O60524
A0A0G2JRA5	P08962	A0A7I2V5J8
Q14240	G3XAN8	Q9Y5S9
O15235	Q5VZE5	Q9Y6B6
P27144	Q5JU69	P42574
P28482	O15439	H3BT57
Q96PY5	Q9BYD6	
Q9Y3E7	P15121	
A2A299	Q6UXN9	
B4DDD6	Q24JP5	
Q9Y3C4	Q92520	
P22087	Q92522	
Q9UDT6	O43934	
Q14562	Q07343	
Q86Y56	P46060	
Q14657	O43310	
P25787	Q9NRQ2	
J3KND3	O14957	
A0A087X2D8	Q12986	
Q5UIP0	Q8TDW7	
Q08117	Q9BYM8	
P05362	Q01995	
Q06323	Q9Y679	
P48751	P09234	
Q96HE7	P10145	
P07996	Q13526	
Q9NX62	Q9UDW1	
Q92616	Q16698	
Q5TEJ8	A0A6Q8PHK0	
A0A0C4DGH3	Q9NVU7	
P40189	P13804	
P33316	Q15691	
O60763	J3QQT2	
P36959	Q9Y2R9	
P36551	P49755	
Q86X55	O95881	
Q66K74	Q9UIQ6	
Q14149	A0A7P0Z455	
O95059	P50402	
K7EMM8	Q13188	
P27797	I3L3C2	
Q9UBN6	M0QZ22	
Q12805	Q9C0H2	
D6R9Q7	Q8NBN3	
P22897	Q14145	
O14974	Q6P9H5	
Q9UL40	Q92820	
P42677	P26599	
Q13509	Q9Y3E1	
Q96SI9	Q8N668	
Q5T6W2	Q9H6E4	
E7EWR4	A1L0T0	
P00414	P61923	
P48147	Q9H3K6	
A0A0C4DH00	O94888	
P62891	E7EMV2	
P49407	Q92692	
Q00587	P21291	
P16284	Q9H0Q0	
Q9H0W8	P15586	
Q9BRK5	Q9BVK6	
A0A0A0MRY0	K4DI95	
O75882	Q01130	
P54802	P18433	
O75962	P80303	
P48681	O60925	
Q8WWC4	P63261	
Q2M2I8	P62328	
B4DRN8	Q9BPX5	
Q9UBX3	Q16864	
C9JQ41	Q9ULC5	
P51116	Q86UE4	
Q9UBG0	Q86X76	
A0A0G2JQM1	Q08945	
Q969U7	P17858	
Q70CQ2	A0A804HJA0	
Q9UI09	Q8N3V7	
Q9HAS0	Q9HB66	
H7C561	E7EQ69	
P32856	P28340	
P12236	P62330	
Q9NQZ2	Q13201	
Q8NFC6	A0A087X140	
B8ZZQ6	E7EQY1	
P62195	P37198	
A0A669KBH7	P10321	
Q9Y5V3	P49368	
O75874	C9JWF7	
Q9UKB1	O95433	
Q9Y4K0	Q08J23	
Q6YHU6	P31942	
P07332	P55268	
Q8IVL5	Q9P016	
Q9Y4B5	Q9Y3Q8	
Q06787	Q14847	
A0A7I2V598	P18124	
Q92626	P28074	
Q9NR00	O60664	
J3KSN1	P09486	
Q9BW62	Q9Y6A4	
Q9NZ01	P26006	
P07204	Q9H845	
Q15286	Q9UHY1	
O43615	Q96EP5	
	Q8NHV1	
	Q8NCC3	
	P41240	
	A0A0D9SF54	
	Q06481	
	U3KQK0	
	P26368	
	P52298	
	Q96RP9	
	E2QRB9	
	E5RIM7	
	Q53EL6	
	A8MU27	
	P07602	
	F5H5P2	
	P09848	
	Q00839	
	C9JQD4	
	Q8NFV4	
	Q8ND56	
	Q96AG4	
	Q9Y2S6	
	Q8N1W1	
	P12931	
	P16949	
	Q9BUB7	
	Q96AX1	
	Q12792	
	Q14197	
	K7EL99	
	O00423	
	A0A087WUD3	
	P50395	
	Q9H0V9	
	Q15796	
	Q86Y82	
	Q9Y4P3	
	C9JA28	
	A0A5F9YFS9	
	O75531	
	P49748	
	Q9NQG5	
	E5RIA4	
	P11177	
	A0A7I2V2T3	
	Q9UGQ3	
	O43818	
	P00918	
	Q08AG7	
	E7EUI6	
	P62424	
	J3KPY9	
	O60239	
	A0A087WUT6	
	Q96JC1	
	O14949	
	Q6PIU2	
	Q15629	
	H0YFD6	
	P13073	
	Q9NQW7	
	P61224	
	Q13443	
	Q9NWT1	
	Q9BWF3	
	O60318	
	H0YNG3	
	P60059	
	Q9Y3C1	
	P17987	
	Q9UBS4	
	P55884	
	P51606	
	P02792	
	P11908	
	A0A1C7CYX9	
	P26022	
	O00410	
	P07814	
	H0YBU3	
	Q5T440	
	O95336	
	P40222	
	Q9P0V3	
	O14818	
	P08133	
	Q5VSL9	
	Q13625	
	Q14258	
	H0YEB6	
	Q9H0C8	
	Q14376	
	P17174	
	F8W8R3	
	Q14980	
	Q14694	
	Q14444	
	Q8WUH2	
	B7ZLQ5	
	P28070	
	A0A1W2PQU7	
	Q96GX2	
	P14174	
	Q13571	
	Q92597	
	P10253	
	Q9UQ80	
	P60903	
	P51149	
	O95782	
	P62333	
	Q9Y696	
	O75964	
	A0A499FJN5	
	O75828	
	Q5JXI2	
	Q9HD20	
	Q8NEW0	
	Q03135	
	Q9NTI5	
	P78417	
	O95168	
	E7ETD8	
	Q96EM0	
	P17931	
	Q9NPF5	
	P24844	
	Q16181	
	P45880	
	H0Y704	
	Q6NUM9	
	P15531	
	Q4G176	
	Q9Y6M1	
	Q6NYC8	
	Q13162	
	Q8NBJ5	
	F5GYQ1	
	Q659C4	
	H0YI37	
	P48668	
	O15155	
	P07311	
	J3KQE5	
	H7C3C4	
	Q9P0J0	
	C9JKI3	
	Q8WW12	
	Q8WVT3	
	Q3ZCQ8	
	O00311	
	Q86US8	
	C9JNW5	
	Q8NC44	
	P10109	
	Q13426	
	P30520	
	O14561	
	Q9Y230	
	Q96A49	
	A0A1X7SBZ2	
	Q92934	
	Q9UQ35	
	E7ET48	
	B7ZBQ3	
	H0YCZ2	
	Q15464	
	A0A087WYN9	
	O60493	
	Q14344	
	P06730	
	P20700	
	A0A7P0T855	
	Q9ULF5	
	P49419	
	Q16739	
	H3BV68	
	P51159	
	Q9Y3B8	
	P10586	
	F5GX88	
	P82979	
	Q8NCL4	
	P49589	
	P62316	
	P62820	
	Q9BV86	
	P49591	
	A0A0A0MTP2	
	Q5JNZ5	
	Q8IZF2	
	P98082	
	P37275	
	P08240	
	Q9BSD7	
	P52732	
	Q5JTZ9	
	J3QLD1	
	Q96B26	
	P61353	
	Q8WUX9	
	P45954	
	A0A6I8PS32	
	H7C2Q8	
	Q6IBS0	
	Q9UMS0	
	Q9Y2J2	
	O43294	
	U3KQ93	
	A0A0J9YX77	
	P61513	
	Q7Z4V5	
	Q9NY26	
	Q13873	
	P09382	
	P63146	
	Q9Y5J7	
	B4DR80	
	Q9NPJ3	
	A0A087X2H1	
	P08572	
	Q14498	
	O94907	
	Q9NRG1	
	Q96D15	
	Q53EP0	
	Q9UL25	
	Q86UT6	
	Q5JTJ3	
	P30154	
	P07954	
	Q7L5N1	
	P61586	
	Q8NEV4	
	Q13671	
	P50416	
	Q8WU76	
	Q6P587	
	Q9UIV1	
	Q8IXQ6	
	P36957	
	P49441	
	P16278	
	Q9Y3D6	
	A0A087X1B1	
	Q7Z4H8	
	A0A096LNY6	
	Q9BQS8	
	Q6ZMI0	
	P62244	
	Q9ULZ3	
	P09110	
	Q92804	
	Q6EEV4	
	Q14232	
	Q9UBC5	
	A0A0R4J2F6	
	C9JJT5	
	P49189	
	Q13151	
	Q9Y6G9	
	Q68D91	
	M0QYG8	
	P40227	
	Q13541	
	Q15181	
	O75340	
	P13473	
	P05141	
	Q9BWD1	
	Q9NPF0	
	P35250	
	O43399	
	Q5T8T7	
	O60216	
	Q32MZ4	
	O75937	
	Q6XQN6	
	P83876	
	Q12955	
	Q9UKF6	
	P08670	
	Q8IVD9	
	P26373	
	G3V4K3	
	Q13363	
	Q5U5X0	
	O96019	
	O94919	
	Q86SK9	
	P62906	
	P11234	
	Q14D04	
	P05198	
	A6NFQ2	
	E9PRG1	
	Q9UJ68	
	P61020	
	P62745	
	P62736	
	P30086	
	P04040	
	Q9Y2V2	
	P33992	
	Q9BYT8	
	A0A2R8Y7E6	
	Q8NBF2	
	Q8NI36	
	P49711	
	A0A3B3ITP4	
	Q86SF2	
	Q13131	
	K7EK43	
	P19474	
	Q92870	
	O43181	
	Q96I51	
	P25942	
	Q8TF42	
	Q9Y3C0	
	Q9UNS2	
	O95837	
	O94832	
	Q8WZA9	
	P07741	
	Q9NSY1	
	Q8WZA0	
	A0A087WYF8	
	O95810	
	Q9NSC5	
	Q8TB24	
	F8WAJ0	
	A0A0A0MR88	
	Q92905	
	A0A087X0R6	
	Q8ND71	
	P18085	
	P30876	
	Q9UQ13	
	Q8N766	
	P50281	
	Q15365	
	P00156	
	Q9NZM1	
	O60551	
	Q9BV20	
	A0A0A0MRJ7	
	Q9BRT3	
	P46926	
	P39687	
	A0A7I2V322	
	P36405	
	Q8IYD1	
	P18031	
	M0R0I5	
	Q3KQV9	
	Q8NDI1	
	P04075	
	E7EQ64	
	P02749	
	Q15785	
	O95630	
	Q8NFH4	
	O60828	
	Q9Y2C4	
	P47813	
	P17275	
	Q8TAA9	
	Q12965	
	Q9NR50	
	O43795	
	Q9UN37	
	P23921	
	A0A0J9YXF2	
	P62487	
	Q6YN16	
	P09012	
	A0A0A0MRF6	
	P01024	
	Q13636	
	Q9NP77	
	P61956	
	Q15056	
	Q9NT62	
	H3BTL1	
	P04792	
	P53602	
	P00492	
	Q5UCC4	
	Q13206	
	Q6UW02	
	Q8IZ41	
	Q86TI2	
	Q8NHP6	
	Q13464	
	E9PEB5	
	P02768	
	H3BRL3	
	Q9H490	
	Q9Y4G2	
	Q13442	
	Q8WXG6	
	Q9BQ51	
	P42126	
	K7ELQ9	
	Q15366	
	O75436	
	E9PAV9	
	Q9Y678	
	P50914	
	P45974	
	Q9HAV4	
	P68402	
	P60520	
	A0A2R8YFH5	
	H3BNC9	
	A0A7I2UQ36	
	Q00765	
	P00441	
	P52566	
	Q92896	
	P10646	
	Q7Z7E8	
	Q9H773	
	P06576	
	P0DPK5	
	O95104	
	P35240	
	P51570	
	Q9NZJ7	
	O75175	
	Q96C90	
	G5E9E7	
	A0A087X0M4	
	Q53F19	
	P08238	
	Q9BR61	
	A0A087WWU8	
	Q96HW7	
	Q14192	
	O00233	
	Q9NUP9	
	P62917	
	P55060	
	K7EN27	
	P05026	
	Q6ZMQ8	
	Q9GZZ9	
	Q9H9H4	
	Q9Y547	
	P32969	
	Q6NUK1	
	Q96Q89	
	P18858	
	V9GZ56	
	H0Y6D8	
	Q13561	
	Q9Y2K7	
	A0A087WVP4	
	P13798	
	Q9UBB4	
	P62805	
	Q9Y2R4	
	P20645	
	G3V267	
	A0A7I2U302	
	Q712K3	
	P49458	
	Q9Y6N5	
	Q9NVA4	
	Q9NVI7	
	Q92890	
	A0A0C4DGV4	
	Q01813	
	Q96JM3	
	P83916	
	Q96NE9	
	P48163	
	Q6NVY1	
	E7EVJ5	
	P62166	
	Q96ER9	
	Q9UG63	
	M0R2S1	
	P31323	
	O14744	
	P49903	
	Q9P003	
	H0Y3Y9	
	A0A6Q8PFR3	
	Q15434	
	P20618	
	K7EPR5	
	Q8N6L1	
	Q13576	
	Q15048	
	M0R2K9	
	Q92973	
	P00403	
	P29279	
	Q9BTZ2	
	P02461	
	A0A5F9ZHP1	
	P40306	
	B0QY89	
	Q69YN4	
	Q96AB3	
	B4DUD2	
	Q9UI30	
	Q9NRZ7	
	Q8TEK3	
	Q9NR28	
	A0A0D9SG04	
	E5RHX8	
	P22694	
	Q9Y2S7	
	O95248	
	Q92575	
	O95167	
	A8MZH8	
	Q9UBQ5	
	Q9Y5Q0	
	P46199	
	Q9H299	
	Q96A26	
	Q14108	
	Q8N370	
	Q9UDY2	
	Q9BY76	
	P63173	
	Q9UL54	
	Q9HC35	
	Q7L523	
	Q8IXM6	
	Q96T23	
	O43924	
	Q14257	
	O43290	
	O60701	
	P21741	
	Q5BJH2	
	P30740	
	Q5TG12	
	Q14151	
	P61225	
	P09601	
	Q9BZE1	
	A8MVZ6	
	P23246	
	Q15813	
	P29728	
	Q9H019	
	Q8N5N7	
	Q8WVM0	
	B4E1Q4	
	P62857	
	O75683	
	Q5SRD1	
	Q8WW59	
	P18754	
	Q4G148	
	Q8NB37	
	Q9NZJ9	
	P15559	
	Q9P000	
	P23919	
	Q16718	
	Q15717	
	C9IYS7	
	Q13601	
	Q92733	
	Q05519	
	Q13158	
	Q9BV40	
	Q15208	
	P56385	
	H0YA68	
	Q14162	
	Q9ULC3	
	A0A5H1ZRP4	
	O14529	
	Q99643	
	A2PYH4	
	O95571	
	P42167	
	Q9H1E3	
	P17302	
	Q14195	
	P02751	
	O15211	
	P12956	
	O75182	
	Q9Y2S2	
	P00846	
	O60353	
	Q9Y6M9	
	Q96IX5	
	E9PJ55	
	P04844	
	D6R992	
	Q5U8S2	
	P36542	
	Q9NUQ7	
	Q13200	
	P37287	
	P37235	
	A0A087X1N8	
	P46977	
	Q5T280	
	A0A2R8YE63	
	Q14241	
	Q02880	
	P52294	
	P06865	
	O43155	
	A6NGN4	
	Q8NFH3	
	Q9UNK0	
	Q9BY77	
	A2A2V1	
	P50990	
	Q13459	
	Q9P035	
	Q14571	
	O15126	
	Q8N5M4	
	Q9P2Q2	
	Q15836	
	Q6NZI2	
	A0A087X1C1	
	P36404	
	J3KQ48	
	Q8NB90	
	Q9NUQ2	
	P80294	
	Q96FQ6	
	A0A3B3ISI6	
	P07203	
	P24752	
	O95857	
	Q7Z2W4	
	Q9Y4P1	
	C9IZG4	
	P84095	
	Q9H9J2	
	O75843	
	A0A7P0T8Q8	
	A0A1W2PPG5	
	P30044	
	O60869	
	Q96GZ6	
	Q8IX18	
	Q9H4B7	
	P62937	
	Q8N108	
	P26447	
	P05388	
	Q9Y5S1	
	H0YCC8	
	Q969M3	
	Q86VS8	
	P30419	
	A0A2R8Y600	
	Q13371	
	O43166	
	P51970	
	Q9C035	
	A0A1B0GTU4	
	Q8IWU5	
	P33121	
	H0YKP9	
	P49917	
	P14209	
	Q7Z2K6	
	Q8NCN5	
	O15541	
	Q9BVC6	
	F5GXX5	
	Q9Y281	
	A8K7Q2	
	O15021	
	Q9NX63	
	A0A087X2D5	
	Q01469	
	Q86Y39	
	O15091	
	Q9BSY9	
	B8ZZD4	
	P03897	
	A0A5H1ZRS1	
	E7EVX8	
	Q9NPQ8	
	O60762	
	Q9H254	
	J3QL71	
	Q9UI15	
	Q7Z5L9	
	P20338	
	P40616	
	P54105	
	O15143	
	Q0JRZ9	
	P52815	
	O15145	
	Q9Y2B0	
	Q86T03	
	P04818	
	Q9BRR9	
	P46019	
	Q9UHB6	
	Q16831	
	P52926	
	P11802	
	P07737	
	Q9UBQ7	
	O00232	
	A0A7I2V5Z3	
	Q9UNN8	
	J3KPP4	
	Q6NXE6	
	Q9H7F0	
	Q9BRJ6	
	O43242	
	P54920	
	Q8WVM8	
	O43237	
	Q9BUR5	
	P48739	
	E9PAU2	
	Q9BT09	
	Q15126	
	P82663	
	Q92851	
	O43148	
	P10599	
	Q9BU61	
	Q9H0J9	
	Q7Z6M1	
	Q9BUJ2	
	Q9Y6W5	
	Q96KR6	
	P60900	
	P49959	
	Q12907	
	Q8NFQ8	
	Q9UGK3	
	O43854	
	Q99614	
	M0QZI3	
	P32455	
	A0A1C7CYX1	
	Q13740	
	Q99622	
	O14735	
	O15085	
	Q99733	
	Q14677	
	P11021	
	A7E2V4	
	A0A6Q8PG30	
	H7C5Q2	
	Q9NR12	
	Q9BRX8	
	P62879	
	P58546	
	Q96KC8	
	E9PSB9	
	Q5T4U8	
	A0A7P0Z4F9	
	Q66LE6	
	O00148	
	Q9NRR5	
	Q15738	
	Q12846	
	Q5T6F2	
	O95071	
	P03915	
	Q9BYD1	
	Q9UHD8	
	P05412	
	P42566	
	Q15417	
	O75131	
	P23368	
	Q16204	
	O75348	
	Q99797	
	Q96DB5	
	Q9GZT8	
	Q8N163	
	Q9UBV8	
	Q15256	
	A0A7P0T989	
	Q16537	
	Q9NVN3	
	P19404	
	Q86YJ7	
	Q8IXM3	
	Q9BZK3	
	P38117	
	Q7Z4Q2	
	A0A7P0TAE3	
	A0A7I2V4K0	
	G5E9A6	
	Q16666	
	P00568	
	G5EA30	
	A6NDU8	
	Q9NRL3	
	Q96BX8	
	A0A7P0TA85	
	Q15904	
	P20340	
	Q9BXJ9	
	O15231	
	P0DP23	
	Q92769	
	Q9UK59	
	P34932	
	J3KN01	
	Q6Y1H2	
	Q8NBI6	
	A0A0A0MRI2	
	Q9UHP3	
	F6QDS0	
	Q9UHV9	
	P04406	
	Q96EY1	
	Q9BXR0	
	A0A3B3ITT1	
	Q8N357	
	P42338	
	R4GN69	
	Q8N697	
	F5H7K1	
	Q6PI48	
	P01889	
	Q15645	
	Q7L1Q6	
	Q9UHG3	
	Q9UIJ7	
	Q8NBQ5	
	Q9NVE7	
	P02787	
	O00267	
	Q8WWB7	
	Q96PK6	
	P63244	
	Q92542	
	Q9BRT6	
	Q13177	
	Q9GZN8	
	Q9Y2G8	
	Q13951	
	O43169	
	P10768	
	E9PLK3	
	Q9Y2L9	
	O43149	
	Q9HD67	
	Q9HAB8	
	Q9NP79	
	A0A1B0GTL5	
	Q8TEA8	
	A2A3S1	
	P06396	
	Q8N612	
	Q5VWQ8	
	Q9UK41	
	P41227	
	Q9BRA2	
	Q8TBQ9	
	O00159	
	Q14008	
	Q6P1Q9	
	Q99424	
	P52292	
	Q6PJ69	
	P18074	
	Q9NY33	
	Q9Y2J4	
	Q8IWB7	
	Q9NZ43	
	Q96TC7	
	Q93052	
	O60749	
	Q9H2G2	
	A6NHL2	
	M0R228	
	P43487	
	A0A0B4J294	
	Q86V21	
	P05067	
	Q9Y3B7	
	Q13838	
	Q99595	
	O43676	
	Q96JJ7	
	Q9UII2	
	H0UI80	
	P11274	
	P18206	
	Q9BY89	
	Q9C005	
	Q9NVM6	
	A6NG10	
	P17612	
	P19320	
	P48444	
	A0A0A0MT32	
	P61764	
	A0A096LPI6	
	Q9Y2Q3	
	Q9ULC0	
	P98179	
	A0A096LP69	
	Q96C24	
	E9PM19	
	Q9Y3Q3	
	C9JA08	
	P39656	
	A0A804HJW5	
	J3KN66	
	J3QW43	
	Q13033	
	Q9Y3A6	
	Q08AM6	
	P20337	
	P61313	
	Q9BQ69	
	P07858	
	Q9UBU9	
	P62269	
	Q86SJ6	
	Q16706	
	Q9BTC0	
	P00367	
	P18077	
	Q92882	
	A0A0A0MRU9	
	P35968	
	Q5RI15	
	Q9UKV8	
	P05023	
	P53680	
	P14868	
	P38432	
	Q9H0P0	
	P15090	
	A0A590UJ08	
	Q86XP3	
	P62714	
	F8WEA4	
	Q7Z7L7	
	P63167	
	Q8IX12	
	O75915	
	A0A087WVS8	
	Q9NX40	
	Q9Y3D0	
	P78527	
	P61758	
	Q99570	
	Q6FI81	
	Q9UHY7	
	Q99961	
	Q9BW83	
	P52701	
	P51797	
	H0YBG7	
	P05455	
	Q9H3H5	
	O43292	
	P40855	
	P82921	
	P21281	
	Q93009	
	Q9HB90	
	P35637	
	O00203	
	Q96AJ9	
	O43252	
	Q13045	
	O14828	
	Q9BSH4	
	P14317	
	Q8N5I4	
	Q9BSC4	
	Q9P0M9	
	P24534	
	Q96EY5	
	A0A7I2YQA8	
	E7EUU4	
	Q9NRG7	
	Q9HCE1	
	Q13405	
	Q9H488	
	A0A7I2V3S3	
	Q04941	
	O43809	
	Q32P41	
	P43686	
	Q5JSZ5	
	P36915	
	Q9UMX0	
	P62633	
	P30153	
	I3L1P8	
	Q9HB07	
	A0A0G2JLB3	
	Q96HY7	
	P35658	
	P51798	
	Q969M7	
	P28331	
	Q9H7C9	
	Q86SX6	
	C9JLU1	
	A0A0D9SF53	
	P08236	
	Q9H492	
	Q16512	
	P39060	
	P13861	
	H0Y8R1	
	Q13451	
	O14976	
	A0A087WTG3	
	Q9Y5G0	
	A0A7I2V646	
	Q9BT73	
	Q8IV08	
	O14802	
	Q9Y243	
	C9JSZ1	
	O14686	
	Q5TIH2	
	P62753	
	Q7Z2T5	
	Q12888	
	Q13155	
	Q86U28	
	Q9NUJ1	
	E9PE17	
	Q96C23	
	P78559	
	O75223	
	P06493	
	Q92878	
	P29084	
	Q15847	
	Q96FJ2	
	Q8N1G2	
	O00291	
	Q9Y5S2	
	Q53FA7	
	Q9Y2U8	
	O43583	
	O75489	
	B4DJV2	
	P41214	
	P13797	
	P62834	
	Q13085	
	P60604	
	A5A3E0	
	A4D1S5	
	A0A1B0GWI2	
	A0A087WUK2	
	A0A7I2V586	
	R4GN18	
	P46063	
	Q15075	
	Q14699	
	Q9ULH1	
	P62304	
	P46782	
	O95865	
	O00231	
	Q96GK7	
	P24001	
	P54136	
	P40121	
	Q9NR19	
	P25398	
	Q8IV38	
	Q9NWV4	
	Q5VYS8	
	Q9UIC8	
	O75940	
	P48509	
	P62266	
	A0A6Q8PGT8	
	Q32P51	
	P16989	
	O75367	
	A0A0A0MSZ4	
	P51858	
	Q96AY4	
	P31946	
	H0YMT9	
	Q9Y296	
	A0A3B3ISK2	
	O75616	
	P61960	
	Q96SQ9	
	P26196	
	P63220	
	Q99497	
	P80217	
	Q5TCS8	
	Q9BZG1	
	H7C0W7	
	O00629	
	Q13356	
	Q07666	
	P27695	
	P06756	
	P05387	
	Q15035	
	Q12904	
	Q9P266	
	Q96QK1	
	E9PFK9	
	Q9H3Q1	
	O43707	
	P15927	
	Q99567	
	Q92686	
	Q8NI08	
	Q8WZ82	
	P10515	
	Q9UIS9	
	Q8NEZ5	
	O00170	
	P10606	
	Q9UBI6	
	P11766	
	P24385	
	Q01085	
	E9PGT6	
	Q3L8U1	
	Q9BZE4	
	P46776	
	A6NDG6	
	H3BUH9	
	Q15459	
	Q99808	
	P52888	
	Q9BVG4	
	A0A590UKC4	
	Q5SNT2	
	Q7Z3E2	
	P00505	
	Q9NZB2	
	E9PP21	
	Q9UN86	
	Q8IV48	
	I3L2L5	
	Q9Y6X3	
	Q9NVU0	
	Q15555	
	O00767	
	Q9NVA2	
	P07919	
	Q9NZJ4	
	O94776	
	Q9GZX9	
	Q9Y2H0	
	Q14318	
	O00483	
	O14737	
	K7ES25	
	Q14689	
	Q9BYC9	
	Q9Y3A4	
	Q9NXD2	
	O60927	
	P21359	
	Q7Z4G1	
	Q9Y3A5	
	O00762	
	Q9NU23	
	P35270	
	Q8TBC4	
	P13645	
	E9PIE4	
	Q9NX47	
	Q92688	
	P55899	
	Q8N5M9	
	Q9H446	
	Q86YZ3	
	Q9NRG9	
	H3BNI4	
	O14795	
	Q9Y512	
	Q9Y5X2	
	K7ELL7	
	P26583	
	O00115	
	Q6NV74	
	P45877	
	A0A0C4DGQ6	
	D6RHI9	
	Q99714	
	Q00169	
	O00418	
	O43731	
	A0A0A0MS29	
	B4DHE8	
	Q68EM7	
	Q13190	
	Q8N9N7	
	F6UJY1	
	P15291	
	Q14697	
	P30622	
	P21810	
	P05783	
	P08134	
	O94979	
	Q13617	
	P38646	
	O00154	
	P07237	
	Q9NP61	
	Q9HCE7	
	Q00610	
	Q8NHU6	
	Q9NP97	
	Q96IU4	
	Q9H4X1	
	Q9Y266	
	A0A7P0TAR1	
	O00499	
	Q7Z2W9	
	H0YGJ7	
	P51812	
	Q9H5X1	
	Q9H8Y8	
	P53999	
	O95218	
	P24666	
	B1AP13	
	O43347	
	Q8TEQ6	
	Q9Y305	
	P51148	
	P03905	
	Q99720	
	Q9P291	
	A6NGW1	
	P14618	
	A0A0R4J2F3	
	A0A804HL40	
	C9J0J7	
	P61599	
	Q9UM47	
	Q8N556	
	P01111	
	Q9UNM6	
	P30048	
	Q96F86	
	P62241	
	Q9UNX4	
	P22061	
	Q96J01	
	K7ESC7	
	Q6DD88	
	Q9NVM1	
	Q9UBQ0	
	H3BQ52	
	Q96KP4	
	Q92599	
	Q96B97	
	P04083	
	Q6P2Q9	
	Q86YP4	
	A0A669KAX9	
	P31153	
	P31939	
	P24539	
	O75844	
	Q9Y3B2	
	Q14157	
	Q13425	
	P01130	
	Q9H444	
	O15027	
	Q9H2W6	
	Q9UNQ2	
	O60678	
	P84022	
	Q7LGA3	
	Q9UJ70	
	P28066	
	Q16762	
	Q96B36	
	P53992	
	Q86XP1	
	E9PKG1	
	P63096	
	P42025	
	B2RXH8	
	P54819	
	Q96C36	
	Q8N6M3	
	Q12788	
	P49411	
	P84103	
	J3KNC0	
	A0A2R8YEK8	
	Q8NFP9	
	Q96CX2	
	Q52LJ0	
	O15160	
	Q96BM9	
	Q9NQG1	
	E9PKW1	
	O00501	
	C9J6P4	
	A0A499FIZ0	
	Q15036	
	K7EIY6	
	Q9UKY7	
	Q86X27	
	O95352	
	Q9NUT2	
	Q9Y316	
	Q7L1T6	
	O75521	
	P49841	
	Q16531	
	A0A087X256	
	G8JLA2	
	Q9H3H3	
	O95169	
	P43897	
	Q9BYK8	
	P21796	
	P08729	
	P05156	
	P61106	
	P60981	
	P52895	
	O76054	
	Q09666	
	P78362	
	O94885	
	Q9H2M9	
	Q96DV4	
	Q86UP2	
	Q13232	
	H0Y626	
	P33991	
	A0A140T9I0	
	P83111	
	P30043	
	P38570	
	Q9UJ72	
	Q96H20	
	Q92947	
	Q9P0K7	
	P35914	
	P18669	
	Q9Y244	
	Q9UEW8	
	Q14568	
	H0YBU4	
	P60174	
	Q9UBP4	
	Q96CS3	
	Q9BTW9	
	F5GZG1	
	P83881	
	Q01518	
	Q6NZY4	
	E9PME3	
	Q8N4V1	
	Q13423	
	Q96TA1	
	Q9UHW5	
	D6RBJ9	
	A0AVT1	
	Q99836	
	Q5K651	
	Q92466	
	F6Y5H0	
	P46108	
	O75306	
	P15884	
	O15212	
	P29317	
	A0A2R8YDQ9	
	Q96CS2	
	Q5JS54	
	Q5W0V3	
	A0A2R8Y7W5	
	Q8TCJ2	
	Q9H307	
	P31150	
	Q9BPW8	
	Q8WXX5	
	P15954	
	Q99747	
	P23528	
	Q16775	
	P02533	
	P35354	
	P23396	
	P84090	
	P57088	
	O75380	
	Q13418	
	A0A494C164	
	Q86WA6	
	O75884	
	P33993	
	Q8TDM6	
	Q9Y3B3	
	P62258	
	A0A7I2V428	
	Q5STZ8	
	A0A3B3ITR4	
	Q99439	
	O43741	
	P25788	
	O14647	
	Q5W111	
	P20962	
	Q3ZCM7	
	P49736	
	Q8WWP7	
	Q8WUP2	
	Q9H4A6	
	Q8NHZ8	
	P62072	
	P05423	
	Q7Z434	
	Q9ULV0	
	P11441	
	Q93034	
	P20073	
	Q13263	
	E7ETZ4	
	P11233	
	Q9GZP9	
	Q9H6S3	
	Q9NVS9	
	F2Z2W7	
	Q9BW27	
	H0YDU8	
	Q9H0S4	
	Q86UL3	
	Q9NRW3	
	Q9P2Y5	
	P46976	
